{"created_at":"Fri Apr 17 02:20:50 +0000 2020","id":1250972455868329985,"id_str":"1250972455868329985","text":"It feels good to hear someone say they love you or they miss you \ud83d\ude43","source":"\u003ca href=\"http:\/\/twitter.com\/download\/iphone\" rel=\"nofollow\"\u003eTwitter for iPhone\u003c\/a\u003e","truncated":false,"in_reply_to_status_id":null,"in_reply_to_status_id_str":null,"in_reply_to_user_id":null,"in_reply_to_user_id_str":null,"in_reply_to_screen_name":null,"user":{"id":798995636133629952,"id_str":"798995636133629952","name":"THE BADDiEST \ud83d\udc8b","screen_name":"maacdaddieee_","location":null,"url":null,"description":"mama x3 \ud83d\udc7c\ud83c\udffc\ud83d\udc76\ud83c\udffd\ud83e\udd30\ud83c\udffd\u2728","translator_type":"none","protected":false,"verified":false,"followers_count":1992,"friends_count":824,"listed_count":6,"favourites_count":49395,"statuses_count":4595,"created_at":"Wed Nov 16 21:06:19 +0000 2016","utc_offset":null,"time_zone":null,"geo_enabled":true,"lang":null,"contributors_enabled":false,"is_translator":false,"profile_background_color":"F5F8FA","profile_background_image_url":"","profile_background_image_url_https":"","profile_background_tile":false,"profile_link_color":"1DA1F2","profile_sidebar_border_color":"C0DEED","profile_sidebar_fill_color":"DDEEF6","profile_text_color":"333333","profile_use_background_image":true,"profile_image_url":"http:\/\/pbs.twimg.com\/profile_images\/1250858458640863232\/szXQG52K_normal.jpg","profile_image_url_https":"https:\/\/pbs.twimg.com\/profile_images\/1250858458640863232\/szXQG52K_normal.jpg","profile_banner_url":"https:\/\/pbs.twimg.com\/profile_banners\/798995636133629952\/1587062872","default_profile":true,"default_profile_image":false,"following":null,"follow_request_sent":null,"notifications":null},"geo":null,"coordinates":null,"place":null,"contributors":null,"is_quote_status":false,"quote_count":0,"reply_count":0,"retweet_count":0,"favorite_count":0,"entities":{"hashtags":[],"urls":[],"user_mentions":[],"symbols":[]},"favorited":false,"retweeted":false,"filter_level":"low","lang":"en","timestamp_ms":"1587090050080"}