{"created_at":"Fri Apr 17 02:20:50 +0000 2020","id":1250972455868469249,"id_str":"1250972455868469249","text":"@SteveSkojec @timotheeology join @FromParish and me! We LOVE you guys.","source":"\u003ca href=\"http:\/\/twitter.com\/download\/iphone\" rel=\"nofollow\"\u003eTwitter for iPhone\u003c\/a\u003e","truncated":false,"in_reply_to_status_id":1250927770722611206,"in_reply_to_status_id_str":"1250927770722611206","in_reply_to_user_id":1250421637855318033,"in_reply_to_user_id_str":"1250421637855318033","in_reply_to_screen_name":"codywithaguitar","user":{"id":1250421637855318033,"id_str":"1250421637855318033","name":"Cody Barnes","screen_name":"codywithaguitar","location":null,"url":null,"description":"31 | Youth Minister | Musician | Praise & Worship","translator_type":"none","protected":false,"verified":false,"followers_count":7,"friends_count":37,"listed_count":0,"favourites_count":46,"statuses_count":108,"created_at":"Wed Apr 15 13:52:15 +0000 2020","utc_offset":null,"time_zone":null,"geo_enabled":false,"lang":null,"contributors_enabled":false,"is_translator":false,"profile_background_color":"F5F8FA","profile_background_image_url":"","profile_background_image_url_https":"","profile_background_tile":false,"profile_link_color":"1DA1F2","profile_sidebar_border_color":"C0DEED","profile_sidebar_fill_color":"DDEEF6","profile_text_color":"333333","profile_use_background_image":true,"profile_image_url":"http:\/\/pbs.twimg.com\/profile_images\/1250422449142808576\/oI3HKV52_normal.jpg","profile_image_url_https":"https:\/\/pbs.twimg.com\/profile_images\/1250422449142808576\/oI3HKV52_normal.jpg","profile_banner_url":"https:\/\/pbs.twimg.com\/profile_banners\/1250421637855318033\/1586964098","default_profile":true,"default_profile_image":false,"following":null,"follow_request_sent":null,"notifications":null},"geo":null,"coordinates":null,"place":null,"contributors":null,"is_quote_status":false,"quote_count":0,"reply_count":0,"retweet_count":0,"favorite_count":0,"entities":{"hashtags":[],"urls":[],"user_mentions":[{"screen_name":"SteveSkojec","name":"Steve Skojec","id":16122052,"id_str":"16122052","indices":[0,12]},{"screen_name":"timotheeology","name":"Timothy Gordon","id":1063961320532324353,"id_str":"1063961320532324353","indices":[13,27]},{"screen_name":"FromParish","name":"Susan from the Parish Council","id":1100153326170189826,"id_str":"1100153326170189826","indices":[33,44]}],"symbols":[]},"favorited":false,"retweeted":false,"filter_level":"low","lang":"en","timestamp_ms":"1587090050080"}