{"created_at":"Fri Apr 17 02:20:50 +0000 2020","id":1250972456300486658,"id_str":"1250972456300486658","text":"RT @MochaMyyyyy: Stay single if you love hard, bc ppl don\u2019t value that kind of love anymore","source":"\u003ca href=\"http:\/\/twitter.com\/download\/iphone\" rel=\"nofollow\"\u003eTwitter for iPhone\u003c\/a\u003e","truncated":false,"in_reply_to_status_id":null,"in_reply_to_status_id_str":null,"in_reply_to_user_id":null,"in_reply_to_user_id_str":null,"in_reply_to_screen_name":null,"user":{"id":4222439727,"id_str":"4222439727","name":"mya.divine \ud83d\udcab","screen_name":"MyaDivine","location":null,"url":null,"description":"\u2653\ufe0f Pisces","translator_type":"none","protected":false,"verified":false,"followers_count":239,"friends_count":351,"listed_count":0,"favourites_count":8344,"statuses_count":3131,"created_at":"Thu Nov 19 01:10:33 +0000 2015","utc_offset":null,"time_zone":null,"geo_enabled":true,"lang":null,"contributors_enabled":false,"is_translator":false,"profile_background_color":"C0DEED","profile_background_image_url":"http:\/\/abs.twimg.com\/images\/themes\/theme1\/bg.png","profile_background_image_url_https":"https:\/\/abs.twimg.com\/images\/themes\/theme1\/bg.png","profile_background_tile":false,"profile_link_color":"1DA1F2","profile_sidebar_border_color":"C0DEED","profile_sidebar_fill_color":"DDEEF6","profile_text_color":"333333","profile_use_background_image":true,"profile_image_url":"http:\/\/pbs.twimg.com\/profile_images\/1248765654007758851\/2kGfExWc_normal.jpg","profile_image_url_https":"https:\/\/pbs.twimg.com\/profile_images\/1248765654007758851\/2kGfExWc_normal.jpg","profile_banner_url":"https:\/\/pbs.twimg.com\/profile_banners\/4222439727\/1586563908","default_profile":true,"default_profile_image":false,"following":null,"follow_request_sent":null,"notifications":null},"geo":null,"coordinates":null,"place":null,"contributors":null,"retweeted_status":{"created_at":"Thu Apr 16 15:46:50 +0000 2020","id":1250812906838482944,"id_str":"1250812906838482944","text":"Stay single if you love hard, bc ppl don\u2019t value that kind of love anymore","source":"\u003ca href=\"http:\/\/twitter.com\/download\/iphone\" rel=\"nofollow\"\u003eTwitter for iPhone\u003c\/a\u003e","truncated":false,"in_reply_to_status_id":null,"in_reply_to_status_id_str":null,"in_reply_to_user_id":null,"in_reply_to_user_id_str":null,"in_reply_to_screen_name":null,"user":{"id":1164746529397248000,"id_str":"1164746529397248000","name":"THEECHINKK.","screen_name":"MochaMyyyyy","location":"Los Angeles, CA","url":null,"description":"Tunnel Vision! #TU19ish! Chris, I love you always\ud83d\udc99\ud83e\udd1e\ud83c\udffe #LLGio #FlyHighMalik","translator_type":"none","protected":false,"verified":false,"followers_count":445,"friends_count":358,"listed_count":0,"favourites_count":7734,"statuses_count":16298,"created_at":"Fri Aug 23 03:50:01 +0000 2019","utc_offset":null,"time_zone":null,"geo_enabled":true,"lang":null,"contributors_enabled":false,"is_translator":false,"profile_background_color":"F5F8FA","profile_background_image_url":"","profile_background_image_url_https":"","profile_background_tile":false,"profile_link_color":"1DA1F2","profile_sidebar_border_color":"C0DEED","profile_sidebar_fill_color":"DDEEF6","profile_text_color":"333333","profile_use_background_image":true,"profile_image_url":"http:\/\/pbs.twimg.com\/profile_images\/1249226290223140865\/h9mAbFkV_normal.jpg","profile_image_url_https":"https:\/\/pbs.twimg.com\/profile_images\/1249226290223140865\/h9mAbFkV_normal.jpg","profile_banner_url":"https:\/\/pbs.twimg.com\/profile_banners\/1164746529397248000\/1581535767","default_profile":true,"default_profile_image":false,"following":null,"follow_request_sent":null,"notifications":null},"geo":null,"coordinates":null,"place":null,"contributors":null,"is_quote_status":false,"quote_count":7,"reply_count":0,"retweet_count":132,"favorite_count":210,"entities":{"hashtags":[],"urls":[],"user_mentions":[],"symbols":[]},"favorited":false,"retweeted":false,"filter_level":"low","lang":"en"},"is_quote_status":false,"quote_count":0,"reply_count":0,"retweet_count":0,"favorite_count":0,"entities":{"hashtags":[],"urls":[],"user_mentions":[{"screen_name":"MochaMyyyyy","name":"THEECHINKK.","id":1164746529397248000,"id_str":"1164746529397248000","indices":[3,15]}],"symbols":[]},"favorited":false,"retweeted":false,"filter_level":"low","lang":"en","timestamp_ms":"1587090050183"}