{"created_at":"Fri Apr 17 02:20:50 +0000 2020","id":1250972455834812416,"id_str":"1250972455834812416","text":"RT @solsticemark: y\u2019all really out here taking this seriously,, it\u2019s a joke love get over urself lmao https:\/\/t.co\/KdBH6qWTuE","source":"\u003ca href=\"http:\/\/twitter.com\/download\/iphone\" rel=\"nofollow\"\u003eTwitter for iPhone\u003c\/a\u003e","truncated":false,"in_reply_to_status_id":null,"in_reply_to_status_id_str":null,"in_reply_to_user_id":null,"in_reply_to_user_id_str":null,"in_reply_to_screen_name":null,"user":{"id":1250871345216229376,"id_str":"1250871345216229376","name":"\ud83c\udf67 \u21ba","screen_name":"kaluvbot","location":"neo zone","url":null,"description":"kal\u00fa! she\/her | dms open \u2661","translator_type":"none","protected":false,"verified":false,"followers_count":6,"friends_count":19,"listed_count":0,"favourites_count":50,"statuses_count":15,"created_at":"Thu Apr 16 19:39:11 +0000 2020","utc_offset":null,"time_zone":null,"geo_enabled":false,"lang":null,"contributors_enabled":false,"is_translator":false,"profile_background_color":"F5F8FA","profile_background_image_url":"","profile_background_image_url_https":"","profile_background_tile":false,"profile_link_color":"1DA1F2","profile_sidebar_border_color":"C0DEED","profile_sidebar_fill_color":"DDEEF6","profile_text_color":"333333","profile_use_background_image":true,"profile_image_url":"http:\/\/pbs.twimg.com\/profile_images\/1250896193330089985\/qGSPB19o_normal.jpg","profile_image_url_https":"https:\/\/pbs.twimg.com\/profile_images\/1250896193330089985\/qGSPB19o_normal.jpg","profile_banner_url":"https:\/\/pbs.twimg.com\/profile_banners\/1250871345216229376\/1587071870","default_profile":true,"default_profile_image":false,"following":null,"follow_request_sent":null,"notifications":null},"geo":null,"coordinates":null,"place":null,"contributors":null,"retweeted_status":{"created_at":"Fri Apr 17 01:34:58 +0000 2020","id":1250960914733465601,"id_str":"1250960914733465601","text":"y\u2019all really out here taking this seriously,, it\u2019s a joke love get over urself lmao https:\/\/t.co\/KdBH6qWTuE","source":"\u003ca href=\"http:\/\/twitter.com\/download\/iphone\" rel=\"nofollow\"\u003eTwitter for iPhone\u003c\/a\u003e","truncated":false,"in_reply_to_status_id":null,"in_reply_to_status_id_str":null,"in_reply_to_user_id":null,"in_reply_to_user_id_str":null,"in_reply_to_screen_name":null,"user":{"id":1005510157265235968,"id_str":"1005510157265235968","name":"CAR\u21ba \ud83e\ude90 unfollow spree \ud83d\udccc","screen_name":"solsticemark","location":"space bitch","url":null,"description":"isn\u2019t it amazing how people can feel like home","translator_type":"none","protected":false,"verified":false,"followers_count":1398,"friends_count":640,"listed_count":21,"favourites_count":27219,"statuses_count":21388,"created_at":"Sat Jun 09 18:01:17 +0000 2018","utc_offset":null,"time_zone":null,"geo_enabled":true,"lang":null,"contributors_enabled":false,"is_translator":false,"profile_background_color":"000000","profile_background_image_url":"http:\/\/abs.twimg.com\/images\/themes\/theme1\/bg.png","profile_background_image_url_https":"https:\/\/abs.twimg.com\/images\/themes\/theme1\/bg.png","profile_background_tile":false,"profile_link_color":"E81C4F","profile_sidebar_border_color":"000000","profile_sidebar_fill_color":"000000","profile_text_color":"000000","profile_use_background_image":false,"profile_image_url":"http:\/\/pbs.twimg.com\/profile_images\/1249510439165333505\/knTYDCuA_normal.jpg","profile_image_url_https":"https:\/\/pbs.twimg.com\/profile_images\/1249510439165333505\/knTYDCuA_normal.jpg","profile_banner_url":"https:\/\/pbs.twimg.com\/profile_banners\/1005510157265235968\/1586741478","default_profile":false,"default_profile_image":false,"following":null,"follow_request_sent":null,"notifications":null},"geo":null,"coordinates":null,"place":null,"contributors":null,"is_quote_status":false,"quote_count":0,"reply_count":1,"retweet_count":1,"favorite_count":6,"entities":{"hashtags":[],"urls":[],"user_mentions":[],"symbols":[],"media":[{"id":1250926915059417092,"id_str":"1250926915059417092","indices":[84,107],"additional_media_info":{"monetizable":false},"media_url":"http:\/\/pbs.twimg.com\/ext_tw_video_thumb\/1250926915059417092\/pu\/img\/ddWlClcMvjeomp8a.jpg","media_url_https":"https:\/\/pbs.twimg.com\/ext_tw_video_thumb\/1250926915059417092\/pu\/img\/ddWlClcMvjeomp8a.jpg","url":"https:\/\/t.co\/KdBH6qWTuE","display_url":"pic.twitter.com\/KdBH6qWTuE","expanded_url":"https:\/\/twitter.com\/ANGEL1CYEOS\/status\/1250927000581259269\/video\/1","type":"photo","sizes":{"thumb":{"w":150,"h":150,"resize":"crop"},"small":{"w":383,"h":680,"resize":"fit"},"large":{"w":576,"h":1024,"resize":"fit"},"medium":{"w":576,"h":1024,"resize":"fit"}},"source_status_id":1250927000581259269,"source_status_id_str":"1250927000581259269","source_user_id":919609354587910144,"source_user_id_str":"919609354587910144"}]},"extended_entities":{"media":[{"id":1250926915059417092,"id_str":"1250926915059417092","indices":[84,107],"additional_media_info":{"monetizable":false},"media_url":"http:\/\/pbs.twimg.com\/ext_tw_video_thumb\/1250926915059417092\/pu\/img\/ddWlClcMvjeomp8a.jpg","media_url_https":"https:\/\/pbs.twimg.com\/ext_tw_video_thumb\/1250926915059417092\/pu\/img\/ddWlClcMvjeomp8a.jpg","url":"https:\/\/t.co\/KdBH6qWTuE","display_url":"pic.twitter.com\/KdBH6qWTuE","expanded_url":"https:\/\/twitter.com\/ANGEL1CYEOS\/status\/1250927000581259269\/video\/1","type":"video","video_info":{"aspect_ratio":[9,16],"duration_millis":12533,"variants":[{"bitrate":832000,"content_type":"video\/mp4","url":"https:\/\/video.twimg.com\/ext_tw_video\/1250926915059417092\/pu\/vid\/360x640\/rpoEKh2YSqcDRIWH.mp4?tag=10"},{"content_type":"application\/x-mpegURL","url":"https:\/\/video.twimg.com\/ext_tw_video\/1250926915059417092\/pu\/pl\/EZS4pFysAhZDYaFB.m3u8?tag=10"},{"bitrate":632000,"content_type":"video\/mp4","url":"https:\/\/video.twimg.com\/ext_tw_video\/1250926915059417092\/pu\/vid\/320x568\/6VC40Eg-3KDNa1pi.mp4?tag=10"},{"bitrate":2176000,"content_type":"video\/mp4","url":"https:\/\/video.twimg.com\/ext_tw_video\/1250926915059417092\/pu\/vid\/576x1024\/bNye6fREGSNnicyn.mp4?tag=10"}]},"sizes":{"thumb":{"w":150,"h":150,"resize":"crop"},"small":{"w":383,"h":680,"resize":"fit"},"large":{"w":576,"h":1024,"resize":"fit"},"medium":{"w":576,"h":1024,"resize":"fit"}},"source_status_id":1250927000581259269,"source_status_id_str":"1250927000581259269","source_user_id":919609354587910144,"source_user_id_str":"919609354587910144"}]},"favorited":false,"retweeted":false,"possibly_sensitive":false,"filter_level":"low","lang":"en"},"is_quote_status":false,"quote_count":0,"reply_count":0,"retweet_count":0,"favorite_count":0,"entities":{"hashtags":[],"urls":[],"user_mentions":[{"screen_name":"solsticemark","name":"CAR\u21ba \ud83e\ude90 unfollow spree \ud83d\udccc","id":1005510157265235968,"id_str":"1005510157265235968","indices":[3,16]}],"symbols":[],"media":[{"id":1250926915059417092,"id_str":"1250926915059417092","indices":[102,125],"additional_media_info":{"monetizable":false},"media_url":"http:\/\/pbs.twimg.com\/ext_tw_video_thumb\/1250926915059417092\/pu\/img\/ddWlClcMvjeomp8a.jpg","media_url_https":"https:\/\/pbs.twimg.com\/ext_tw_video_thumb\/1250926915059417092\/pu\/img\/ddWlClcMvjeomp8a.jpg","url":"https:\/\/t.co\/KdBH6qWTuE","display_url":"pic.twitter.com\/KdBH6qWTuE","expanded_url":"https:\/\/twitter.com\/ANGEL1CYEOS\/status\/1250927000581259269\/video\/1","type":"photo","sizes":{"thumb":{"w":150,"h":150,"resize":"crop"},"small":{"w":383,"h":680,"resize":"fit"},"large":{"w":576,"h":1024,"resize":"fit"},"medium":{"w":576,"h":1024,"resize":"fit"}},"source_status_id":1250927000581259269,"source_status_id_str":"1250927000581259269","source_user_id":919609354587910144,"source_user_id_str":"919609354587910144"}]},"extended_entities":{"media":[{"id":1250926915059417092,"id_str":"1250926915059417092","indices":[102,125],"additional_media_info":{"monetizable":false},"media_url":"http:\/\/pbs.twimg.com\/ext_tw_video_thumb\/1250926915059417092\/pu\/img\/ddWlClcMvjeomp8a.jpg","media_url_https":"https:\/\/pbs.twimg.com\/ext_tw_video_thumb\/1250926915059417092\/pu\/img\/ddWlClcMvjeomp8a.jpg","url":"https:\/\/t.co\/KdBH6qWTuE","display_url":"pic.twitter.com\/KdBH6qWTuE","expanded_url":"https:\/\/twitter.com\/ANGEL1CYEOS\/status\/1250927000581259269\/video\/1","type":"video","video_info":{"aspect_ratio":[9,16],"duration_millis":12533,"variants":[{"bitrate":832000,"content_type":"video\/mp4","url":"https:\/\/video.twimg.com\/ext_tw_video\/1250926915059417092\/pu\/vid\/360x640\/rpoEKh2YSqcDRIWH.mp4?tag=10"},{"content_type":"application\/x-mpegURL","url":"https:\/\/video.twimg.com\/ext_tw_video\/1250926915059417092\/pu\/pl\/EZS4pFysAhZDYaFB.m3u8?tag=10"},{"bitrate":632000,"content_type":"video\/mp4","url":"https:\/\/video.twimg.com\/ext_tw_video\/1250926915059417092\/pu\/vid\/320x568\/6VC40Eg-3KDNa1pi.mp4?tag=10"},{"bitrate":2176000,"content_type":"video\/mp4","url":"https:\/\/video.twimg.com\/ext_tw_video\/1250926915059417092\/pu\/vid\/576x1024\/bNye6fREGSNnicyn.mp4?tag=10"}]},"sizes":{"thumb":{"w":150,"h":150,"resize":"crop"},"small":{"w":383,"h":680,"resize":"fit"},"large":{"w":576,"h":1024,"resize":"fit"},"medium":{"w":576,"h":1024,"resize":"fit"}},"source_status_id":1250927000581259269,"source_status_id_str":"1250927000581259269","source_user_id":919609354587910144,"source_user_id_str":"919609354587910144"}]},"favorited":false,"retweeted":false,"possibly_sensitive":false,"filter_level":"low","lang":"en","timestamp_ms":"1587090050072"}