{"created_at":"Fri Apr 17 02:20:49 +0000 2020","id":1250972453209124865,"id_str":"1250972453209124865","text":"RT @Gingerhazing: My favorite part about writing is how your characters stay with you forever. They're your friends and little pieces of yo\u2026","source":"\u003ca href=\"http:\/\/twitter.com\/download\/iphone\" rel=\"nofollow\"\u003eTwitter for iPhone\u003c\/a\u003e","truncated":false,"in_reply_to_status_id":null,"in_reply_to_status_id_str":null,"in_reply_to_user_id":null,"in_reply_to_user_id_str":null,"in_reply_to_screen_name":null,"user":{"id":1025051960129478656,"id_str":"1025051960129478656","name":"\ud83d\udc19 lanie \ud83d\udc19 stay home","screen_name":"_emlanie","location":"she\/her","url":null,"description":"i am SENSITIVE how are you","translator_type":"none","protected":false,"verified":false,"followers_count":82,"friends_count":147,"listed_count":0,"favourites_count":83520,"statuses_count":6224,"created_at":"Thu Aug 02 16:13:26 +0000 2018","utc_offset":null,"time_zone":null,"geo_enabled":false,"lang":null,"contributors_enabled":false,"is_translator":false,"profile_background_color":"F5F8FA","profile_background_image_url":"","profile_background_image_url_https":"","profile_background_tile":false,"profile_link_color":"1DA1F2","profile_sidebar_border_color":"C0DEED","profile_sidebar_fill_color":"DDEEF6","profile_text_color":"333333","profile_use_background_image":true,"profile_image_url":"http:\/\/pbs.twimg.com\/profile_images\/1249235806285250560\/Leyy-R-o_normal.jpg","profile_image_url_https":"https:\/\/pbs.twimg.com\/profile_images\/1249235806285250560\/Leyy-R-o_normal.jpg","profile_banner_url":"https:\/\/pbs.twimg.com\/profile_banners\/1025051960129478656\/1581697014","default_profile":true,"default_profile_image":false,"following":null,"follow_request_sent":null,"notifications":null},"geo":null,"coordinates":null,"place":null,"contributors":null,"retweeted_status":{"created_at":"Fri Apr 17 02:12:15 +0000 2020","id":1250970295835299840,"id_str":"1250970295835299840","text":"My favorite part about writing is how your characters stay with you forever. They're your friends and little pieces\u2026 https:\/\/t.co\/PKZZ9H2u7q","source":"\u003ca href=\"https:\/\/mobile.twitter.com\" rel=\"nofollow\"\u003eTwitter Web App\u003c\/a\u003e","truncated":true,"in_reply_to_status_id":null,"in_reply_to_status_id_str":null,"in_reply_to_user_id":null,"in_reply_to_user_id_str":null,"in_reply_to_screen_name":null,"user":{"id":387186414,"id_str":"387186414","name":"Noelle Stevenson \u2728 SHE-RA S5 MAY 15","screen_name":"Gingerhazing","location":"she\/they","url":null,"description":"made NIMONA \ud83d\udc09\ud83d\udd25 LUMBERJANES \ud83c\udfd5\ud83d\udc6d and SHE-RA AND THE PRINCESSES OF POWER \ud83d\udc78\ud83d\udde1\ud83d\udcaa\u2728\ud83c\udf08 Wife to @mollyostertag","translator_type":"none","protected":false,"verified":true,"followers_count":205051,"friends_count":529,"listed_count":1711,"favourites_count":4563,"statuses_count":15363,"created_at":"Sat Oct 08 16:27:56 +0000 2011","utc_offset":null,"time_zone":null,"geo_enabled":false,"lang":null,"contributors_enabled":false,"is_translator":false,"profile_background_color":"000000","profile_background_image_url":"http:\/\/abs.twimg.com\/images\/themes\/theme1\/bg.png","profile_background_image_url_https":"https:\/\/abs.twimg.com\/images\/themes\/theme1\/bg.png","profile_background_tile":false,"profile_link_color":"981CEB","profile_sidebar_border_color":"000000","profile_sidebar_fill_color":"000000","profile_text_color":"000000","profile_use_background_image":false,"profile_image_url":"http:\/\/pbs.twimg.com\/profile_images\/1213180623629631488\/ebDadX7i_normal.jpg","profile_image_url_https":"https:\/\/pbs.twimg.com\/profile_images\/1213180623629631488\/ebDadX7i_normal.jpg","profile_banner_url":"https:\/\/pbs.twimg.com\/profile_banners\/387186414\/1578431499","default_profile":false,"default_profile_image":false,"following":null,"follow_request_sent":null,"notifications":null},"geo":null,"coordinates":null,"place":null,"contributors":null,"is_quote_status":false,"extended_tweet":{"full_text":"My favorite part about writing is how your characters stay with you forever. They're your friends and little pieces of yourself and people you love, and even when the story ends they follow you wherever you go","display_text_range":[0,209],"entities":{"hashtags":[],"urls":[],"user_mentions":[],"symbols":[]}},"quote_count":5,"reply_count":4,"retweet_count":76,"favorite_count":518,"entities":{"hashtags":[],"urls":[{"url":"https:\/\/t.co\/PKZZ9H2u7q","expanded_url":"https:\/\/twitter.com\/i\/web\/status\/1250970295835299840","display_url":"twitter.com\/i\/web\/status\/1\u2026","indices":[117,140]}],"user_mentions":[],"symbols":[]},"favorited":false,"retweeted":false,"filter_level":"low","lang":"en"},"is_quote_status":false,"quote_count":0,"reply_count":0,"retweet_count":0,"favorite_count":0,"entities":{"hashtags":[],"urls":[],"user_mentions":[{"screen_name":"Gingerhazing","name":"Noelle Stevenson \u2728 SHE-RA S5 MAY 15","id":387186414,"id_str":"387186414","indices":[3,16]}],"symbols":[]},"favorited":false,"retweeted":false,"filter_level":"low","lang":"en","timestamp_ms":"1587090049446"}