{"created_at":"Fri Apr 17 02:20:50 +0000 2020","id":1250972455625125888,"id_str":"1250972455625125888","text":"RT @ArianaGrande: \u2018won\u2019t say i\u2019m in love\u2019 \ud83e\udd0d thank u for having me @disney @abcnetwork #DisneyFamilySingalong \ud83c\udf99 https:\/\/t.co\/me7YVDwxTJ","source":"\u003ca href=\"http:\/\/twitter.com\/download\/android\" rel=\"nofollow\"\u003eTwitter for Android\u003c\/a\u003e","truncated":false,"in_reply_to_status_id":null,"in_reply_to_status_id_str":null,"in_reply_to_user_id":null,"in_reply_to_user_id_str":null,"in_reply_to_screen_name":null,"user":{"id":1055425168061808640,"id_str":"1055425168061808640","name":"\u2730 \ud835\udc00\ud835\udc2d\ud835\udc1a\ud835\udc25\ud835\udc1a\u2077\u21ba\u00b9\u00b2\u2077","screen_name":"Atalarania00","location":"\u82b1\u6a23\u5e74\u83ef pt.2","url":null,"description":"\u2730 kpoprs Aku netral,mulpan aku suka semua idoll \ud83c\udf20 bljr sabr menghdpi wariman\ud83c\udf1f","translator_type":"none","protected":false,"verified":false,"followers_count":2712,"friends_count":2864,"listed_count":4,"favourites_count":51148,"statuses_count":40852,"created_at":"Thu Oct 25 11:45:43 +0000 2018","utc_offset":null,"time_zone":null,"geo_enabled":false,"lang":null,"contributors_enabled":false,"is_translator":false,"profile_background_color":"F5F8FA","profile_background_image_url":"","profile_background_image_url_https":"","profile_background_tile":false,"profile_link_color":"1DA1F2","profile_sidebar_border_color":"C0DEED","profile_sidebar_fill_color":"DDEEF6","profile_text_color":"333333","profile_use_background_image":true,"profile_image_url":"http:\/\/pbs.twimg.com\/profile_images\/1250355562908246021\/Cw1EcS3k_normal.jpg","profile_image_url_https":"https:\/\/pbs.twimg.com\/profile_images\/1250355562908246021\/Cw1EcS3k_normal.jpg","profile_banner_url":"https:\/\/pbs.twimg.com\/profile_banners\/1055425168061808640\/1586942972","default_profile":true,"default_profile_image":false,"following":null,"follow_request_sent":null,"notifications":null},"geo":null,"coordinates":null,"place":null,"contributors":null,"retweeted_status":{"created_at":"Fri Apr 17 01:22:53 +0000 2020","id":1250957874429218821,"id_str":"1250957874429218821","text":"\u2018won\u2019t say i\u2019m in love\u2019 \ud83e\udd0d thank u for having me @disney @abcnetwork #DisneyFamilySingalong \ud83c\udf99 https:\/\/t.co\/me7YVDwxTJ","display_text_range":[0,92],"source":"\u003ca href=\"http:\/\/twitter.com\/download\/iphone\" rel=\"nofollow\"\u003eTwitter for iPhone\u003c\/a\u003e","truncated":false,"in_reply_to_status_id":null,"in_reply_to_status_id_str":null,"in_reply_to_user_id":null,"in_reply_to_user_id_str":null,"in_reply_to_screen_name":null,"user":{"id":34507480,"id_str":"34507480","name":"Ariana Grande","screen_name":"ArianaGrande","location":"\u01dd\u028c\u0250 uoo\u026f\u028e\u01dduo\u0265","url":"https:\/\/arianagrande.lnk.to\/swtlive","description":null,"translator_type":"regular","protected":false,"verified":true,"followers_count":72810728,"friends_count":59791,"listed_count":63902,"favourites_count":43860,"statuses_count":46207,"created_at":"Thu Apr 23 02:56:31 +0000 2009","utc_offset":null,"time_zone":null,"geo_enabled":false,"lang":null,"contributors_enabled":false,"is_translator":false,"profile_background_color":"000000","profile_background_image_url":"http:\/\/abs.twimg.com\/images\/themes\/theme13\/bg.gif","profile_background_image_url_https":"https:\/\/abs.twimg.com\/images\/themes\/theme13\/bg.gif","profile_background_tile":true,"profile_link_color":"AD92D1","profile_sidebar_border_color":"000000","profile_sidebar_fill_color":"F6F6F6","profile_text_color":"D8A0C1","profile_use_background_image":true,"profile_image_url":"http:\/\/pbs.twimg.com\/profile_images\/1250028294591807493\/8SQvuscC_normal.jpg","profile_image_url_https":"https:\/\/pbs.twimg.com\/profile_images\/1250028294591807493\/8SQvuscC_normal.jpg","profile_banner_url":"https:\/\/pbs.twimg.com\/profile_banners\/34507480\/1555735302","default_profile":false,"default_profile_image":false,"following":null,"follow_request_sent":null,"notifications":null},"geo":null,"coordinates":null,"place":null,"contributors":null,"is_quote_status":false,"quote_count":6143,"reply_count":9161,"retweet_count":26341,"favorite_count":82163,"entities":{"hashtags":[{"text":"DisneyFamilySingalong","indices":[68,90]}],"urls":[],"user_mentions":[{"screen_name":"Disney","name":"Disney","id":67418441,"id_str":"67418441","indices":[48,55]},{"screen_name":"ABCNetwork","name":"ABC","id":631478663,"id_str":"631478663","indices":[56,67]}],"symbols":[],"media":[{"id":1250957775137468417,"id_str":"1250957775137468417","indices":[93,116],"additional_media_info":{"monetizable":false},"media_url":"http:\/\/pbs.twimg.com\/ext_tw_video_thumb\/1250957775137468417\/pu\/img\/2rfOnZVRPCrYmAT_.jpg","media_url_https":"https:\/\/pbs.twimg.com\/ext_tw_video_thumb\/1250957775137468417\/pu\/img\/2rfOnZVRPCrYmAT_.jpg","url":"https:\/\/t.co\/me7YVDwxTJ","display_url":"pic.twitter.com\/me7YVDwxTJ","expanded_url":"https:\/\/twitter.com\/ArianaGrande\/status\/1250957874429218821\/video\/1","type":"photo","sizes":{"thumb":{"w":150,"h":150,"resize":"crop"},"small":{"w":383,"h":680,"resize":"fit"},"large":{"w":608,"h":1080,"resize":"fit"},"medium":{"w":608,"h":1080,"resize":"fit"}}}]},"extended_entities":{"media":[{"id":1250957775137468417,"id_str":"1250957775137468417","indices":[93,116],"additional_media_info":{"monetizable":false},"media_url":"http:\/\/pbs.twimg.com\/ext_tw_video_thumb\/1250957775137468417\/pu\/img\/2rfOnZVRPCrYmAT_.jpg","media_url_https":"https:\/\/pbs.twimg.com\/ext_tw_video_thumb\/1250957775137468417\/pu\/img\/2rfOnZVRPCrYmAT_.jpg","url":"https:\/\/t.co\/me7YVDwxTJ","display_url":"pic.twitter.com\/me7YVDwxTJ","expanded_url":"https:\/\/twitter.com\/ArianaGrande\/status\/1250957874429218821\/video\/1","type":"video","video_info":{"aspect_ratio":[76,135],"duration_millis":129467,"variants":[{"bitrate":2176000,"content_type":"video\/mp4","url":"https:\/\/video.twimg.com\/ext_tw_video\/1250957775137468417\/pu\/vid\/608x1080\/fEbAwKEwxfidsp5h.mp4?tag=10"},{"bitrate":632000,"content_type":"video\/mp4","url":"https:\/\/video.twimg.com\/ext_tw_video\/1250957775137468417\/pu\/vid\/320x568\/4z7IQPeLz0ylH9ja.mp4?tag=10"},{"bitrate":832000,"content_type":"video\/mp4","url":"https:\/\/video.twimg.com\/ext_tw_video\/1250957775137468417\/pu\/vid\/360x638\/htjL4_txPihS8U2_.mp4?tag=10"},{"content_type":"application\/x-mpegURL","url":"https:\/\/video.twimg.com\/ext_tw_video\/1250957775137468417\/pu\/pl\/K9iTuDW4MS4v6V2V.m3u8?tag=10"}]},"sizes":{"thumb":{"w":150,"h":150,"resize":"crop"},"small":{"w":383,"h":680,"resize":"fit"},"large":{"w":608,"h":1080,"resize":"fit"},"medium":{"w":608,"h":1080,"resize":"fit"}}}]},"favorited":false,"retweeted":false,"possibly_sensitive":false,"filter_level":"low","lang":"en"},"is_quote_status":false,"quote_count":0,"reply_count":0,"retweet_count":0,"favorite_count":0,"entities":{"hashtags":[{"text":"DisneyFamilySingalong","indices":[86,108]}],"urls":[],"user_mentions":[{"screen_name":"ArianaGrande","name":"Ariana Grande","id":34507480,"id_str":"34507480","indices":[3,16]},{"screen_name":"Disney","name":"Disney","id":67418441,"id_str":"67418441","indices":[66,73]},{"screen_name":"ABCNetwork","name":"ABC","id":631478663,"id_str":"631478663","indices":[74,85]}],"symbols":[],"media":[{"id":1250957775137468417,"id_str":"1250957775137468417","indices":[111,134],"additional_media_info":{"monetizable":false},"media_url":"http:\/\/pbs.twimg.com\/ext_tw_video_thumb\/1250957775137468417\/pu\/img\/2rfOnZVRPCrYmAT_.jpg","media_url_https":"https:\/\/pbs.twimg.com\/ext_tw_video_thumb\/1250957775137468417\/pu\/img\/2rfOnZVRPCrYmAT_.jpg","url":"https:\/\/t.co\/me7YVDwxTJ","display_url":"pic.twitter.com\/me7YVDwxTJ","expanded_url":"https:\/\/twitter.com\/ArianaGrande\/status\/1250957874429218821\/video\/1","type":"photo","sizes":{"thumb":{"w":150,"h":150,"resize":"crop"},"small":{"w":383,"h":680,"resize":"fit"},"large":{"w":608,"h":1080,"resize":"fit"},"medium":{"w":608,"h":1080,"resize":"fit"}},"source_status_id":1250957874429218821,"source_status_id_str":"1250957874429218821","source_user_id":34507480,"source_user_id_str":"34507480"}]},"extended_entities":{"media":[{"id":1250957775137468417,"id_str":"1250957775137468417","indices":[111,134],"additional_media_info":{"monetizable":false},"media_url":"http:\/\/pbs.twimg.com\/ext_tw_video_thumb\/1250957775137468417\/pu\/img\/2rfOnZVRPCrYmAT_.jpg","media_url_https":"https:\/\/pbs.twimg.com\/ext_tw_video_thumb\/1250957775137468417\/pu\/img\/2rfOnZVRPCrYmAT_.jpg","url":"https:\/\/t.co\/me7YVDwxTJ","display_url":"pic.twitter.com\/me7YVDwxTJ","expanded_url":"https:\/\/twitter.com\/ArianaGrande\/status\/1250957874429218821\/video\/1","type":"video","video_info":{"aspect_ratio":[76,135],"duration_millis":129467,"variants":[{"bitrate":2176000,"content_type":"video\/mp4","url":"https:\/\/video.twimg.com\/ext_tw_video\/1250957775137468417\/pu\/vid\/608x1080\/fEbAwKEwxfidsp5h.mp4?tag=10"},{"bitrate":632000,"content_type":"video\/mp4","url":"https:\/\/video.twimg.com\/ext_tw_video\/1250957775137468417\/pu\/vid\/320x568\/4z7IQPeLz0ylH9ja.mp4?tag=10"},{"bitrate":832000,"content_type":"video\/mp4","url":"https:\/\/video.twimg.com\/ext_tw_video\/1250957775137468417\/pu\/vid\/360x638\/htjL4_txPihS8U2_.mp4?tag=10"},{"content_type":"application\/x-mpegURL","url":"https:\/\/video.twimg.com\/ext_tw_video\/1250957775137468417\/pu\/pl\/K9iTuDW4MS4v6V2V.m3u8?tag=10"}]},"sizes":{"thumb":{"w":150,"h":150,"resize":"crop"},"small":{"w":383,"h":680,"resize":"fit"},"large":{"w":608,"h":1080,"resize":"fit"},"medium":{"w":608,"h":1080,"resize":"fit"}},"source_status_id":1250957874429218821,"source_status_id_str":"1250957874429218821","source_user_id":34507480,"source_user_id_str":"34507480"}]},"favorited":false,"retweeted":false,"possibly_sensitive":false,"filter_level":"low","lang":"en","timestamp_ms":"1587090050022"}