{"created_at":"Fri Apr 17 02:20:49 +0000 2020","id":1250972454840938502,"id_str":"1250972454840938502","text":"Help my friend with a follow ^_^ she is new to fitness IG so show her love thank you #fitness #Moroccan #FitGirls https:\/\/t.co\/2kWPg7tzjq","source":"\u003ca href=\"http:\/\/twitter.com\" rel=\"nofollow\"\u003eTwitter Web Client\u003c\/a\u003e","truncated":false,"in_reply_to_status_id":null,"in_reply_to_status_id_str":null,"in_reply_to_user_id":null,"in_reply_to_user_id_str":null,"in_reply_to_screen_name":null,"user":{"id":968910422198882305,"id_str":"968910422198882305","name":"Busy with 12 fic festivals.","screen_name":"mbdenigmaticma","location":"nowhere","url":"https:\/\/enigmaticma.carrd.co\/","description":"Impossible means try again - Alexander Gideon Lightwood\nFanfic Writer since 2008 and swiming in an ocean of otps from #Xiuhan to\n#MagnusxAlec","translator_type":"none","protected":false,"verified":false,"followers_count":170,"friends_count":1906,"listed_count":2,"favourites_count":22510,"statuses_count":23476,"created_at":"Wed Feb 28 18:07:00 +0000 2018","utc_offset":null,"time_zone":null,"geo_enabled":false,"lang":null,"contributors_enabled":false,"is_translator":false,"profile_background_color":"000000","profile_background_image_url":"http:\/\/abs.twimg.com\/images\/themes\/theme1\/bg.png","profile_background_image_url_https":"https:\/\/abs.twimg.com\/images\/themes\/theme1\/bg.png","profile_background_tile":false,"profile_link_color":"110011","profile_sidebar_border_color":"000000","profile_sidebar_fill_color":"000000","profile_text_color":"000000","profile_use_background_image":false,"profile_image_url":"http:\/\/pbs.twimg.com\/profile_images\/1216089045165584386\/i17UFz90_normal.jpg","profile_image_url_https":"https:\/\/pbs.twimg.com\/profile_images\/1216089045165584386\/i17UFz90_normal.jpg","profile_banner_url":"https:\/\/pbs.twimg.com\/profile_banners\/968910422198882305\/1582982326","default_profile":false,"default_profile_image":false,"following":null,"follow_request_sent":null,"notifications":null},"geo":null,"coordinates":null,"place":null,"contributors":null,"is_quote_status":false,"quote_count":0,"reply_count":0,"retweet_count":0,"favorite_count":0,"entities":{"hashtags":[{"text":"fitness","indices":[85,93]},{"text":"Moroccan","indices":[94,103]},{"text":"FitGirls","indices":[104,113]}],"urls":[{"url":"https:\/\/t.co\/2kWPg7tzjq","expanded_url":"https:\/\/www.instagram.com\/p\/B_EGCI3BuMe\/?utm_source=ig_web_button_share_sheet","display_url":"instagram.com\/p\/B_EGCI3BuMe\/\u2026","indices":[114,137]}],"user_mentions":[],"symbols":[]},"favorited":false,"retweeted":false,"possibly_sensitive":false,"filter_level":"low","lang":"en","timestamp_ms":"1587090049835"}