{"created_at":"Fri Apr 17 02:20:50 +0000 2020","id":1250972456124403714,"id_str":"1250972456124403714","text":"@akmcquade We love that little show!","display_text_range":[11,36],"source":"\u003ca href=\"http:\/\/twitter.com\/download\/iphone\" rel=\"nofollow\"\u003eTwitter for iPhone\u003c\/a\u003e","truncated":false,"in_reply_to_status_id":1250959585046941697,"in_reply_to_status_id_str":"1250959585046941697","in_reply_to_user_id":12372812,"in_reply_to_user_id_str":"12372812","in_reply_to_screen_name":"akmcquade","user":{"id":19790018,"id_str":"19790018","name":"Heather Coleman","screen_name":"heathercoleman","location":"Washington, DC","url":"https:\/\/www.linkedin.com\/in\/heathermcoleman","description":"Seeking next communications role \/ mom of 2 \/ INFJ \/ GenX \/ @ThisIsMyBrave All-Star \/ Smith MBA \/ #storytelling #photography #mentalhealth #vermonter","translator_type":"none","protected":false,"verified":false,"followers_count":3064,"friends_count":5002,"listed_count":315,"favourites_count":6900,"statuses_count":20647,"created_at":"Fri Jan 30 21:33:30 +0000 2009","utc_offset":null,"time_zone":null,"geo_enabled":true,"lang":null,"contributors_enabled":false,"is_translator":false,"profile_background_color":"FAFAFA","profile_background_image_url":"http:\/\/abs.twimg.com\/images\/themes\/theme13\/bg.gif","profile_background_image_url_https":"https:\/\/abs.twimg.com\/images\/themes\/theme13\/bg.gif","profile_background_tile":false,"profile_link_color":"F5700A","profile_sidebar_border_color":"FFFFFF","profile_sidebar_fill_color":"6B9453","profile_text_color":"000000","profile_use_background_image":true,"profile_image_url":"http:\/\/pbs.twimg.com\/profile_images\/1246266211165450242\/VWYrkpI4_normal.jpg","profile_image_url_https":"https:\/\/pbs.twimg.com\/profile_images\/1246266211165450242\/VWYrkpI4_normal.jpg","profile_banner_url":"https:\/\/pbs.twimg.com\/profile_banners\/19790018\/1585968095","default_profile":false,"default_profile_image":false,"following":null,"follow_request_sent":null,"notifications":null},"geo":null,"coordinates":null,"place":null,"contributors":null,"is_quote_status":false,"quote_count":0,"reply_count":0,"retweet_count":0,"favorite_count":0,"entities":{"hashtags":[],"urls":[],"user_mentions":[{"screen_name":"akmcquade","name":"Alison McQuade","id":12372812,"id_str":"12372812","indices":[0,10]}],"symbols":[]},"favorited":false,"retweeted":false,"filter_level":"low","lang":"en","timestamp_ms":"1587090050141"}