{"created_at":"Fri Apr 17 02:20:49 +0000 2020","id":1250972454085816321,"id_str":"1250972454085816321","text":"@madisonbeer LOVE UUUU","display_text_range":[13,22],"source":"\u003ca href=\"http:\/\/twitter.com\/download\/iphone\" rel=\"nofollow\"\u003eTwitter for iPhone\u003c\/a\u003e","truncated":false,"in_reply_to_status_id":1250972180998995968,"in_reply_to_status_id_str":"1250972180998995968","in_reply_to_user_id":233183631,"in_reply_to_user_id_str":"233183631","in_reply_to_screen_name":"madisonbeer","user":{"id":1093094746803920896,"id_str":"1093094746803920896","name":"gabi","screen_name":"lovernglitters","location":"upside down","url":null,"description":"just a girl who loves everything","translator_type":"none","protected":false,"verified":false,"followers_count":541,"friends_count":770,"listed_count":3,"favourites_count":5904,"statuses_count":1407,"created_at":"Wed Feb 06 10:31:11 +0000 2019","utc_offset":null,"time_zone":null,"geo_enabled":false,"lang":null,"contributors_enabled":false,"is_translator":false,"profile_background_color":"000000","profile_background_image_url":"http:\/\/abs.twimg.com\/images\/themes\/theme1\/bg.png","profile_background_image_url_https":"https:\/\/abs.twimg.com\/images\/themes\/theme1\/bg.png","profile_background_tile":false,"profile_link_color":"ABB8C2","profile_sidebar_border_color":"000000","profile_sidebar_fill_color":"000000","profile_text_color":"000000","profile_use_background_image":false,"profile_image_url":"http:\/\/pbs.twimg.com\/profile_images\/1243773588114509825\/_GofsfGx_normal.jpg","profile_image_url_https":"https:\/\/pbs.twimg.com\/profile_images\/1243773588114509825\/_GofsfGx_normal.jpg","profile_banner_url":"https:\/\/pbs.twimg.com\/profile_banners\/1093094746803920896\/1584235441","default_profile":false,"default_profile_image":false,"following":null,"follow_request_sent":null,"notifications":null},"geo":null,"coordinates":null,"place":null,"contributors":null,"is_quote_status":false,"quote_count":0,"reply_count":0,"retweet_count":0,"favorite_count":0,"entities":{"hashtags":[],"urls":[],"user_mentions":[{"screen_name":"madisonbeer","name":"Madison Beer","id":233183631,"id_str":"233183631","indices":[0,12]}],"symbols":[]},"favorited":false,"retweeted":false,"filter_level":"low","lang":"en","timestamp_ms":"1587090049655"}