{"created_at":"Fri Apr 17 02:20:50 +0000 2020","id":1250972455885328391,"id_str":"1250972455885328391","text":"RT @toy6424: I love it when ppl call me baby","source":"\u003ca href=\"http:\/\/twitter.com\/download\/iphone\" rel=\"nofollow\"\u003eTwitter for iPhone\u003c\/a\u003e","truncated":false,"in_reply_to_status_id":null,"in_reply_to_status_id_str":null,"in_reply_to_user_id":null,"in_reply_to_user_id_str":null,"in_reply_to_screen_name":null,"user":{"id":346415804,"id_str":"346415804","name":"manswine","screen_name":"Damoiseau_","location":"Hollywood, FL","url":"http:\/\/liveandletdie.com","description":"In Distress \ud83c\uddee\ud83c\uddf1","translator_type":"none","protected":false,"verified":false,"followers_count":438,"friends_count":445,"listed_count":4,"favourites_count":20180,"statuses_count":33347,"created_at":"Mon Aug 01 06:52:33 +0000 2011","utc_offset":null,"time_zone":null,"geo_enabled":true,"lang":null,"contributors_enabled":false,"is_translator":false,"profile_background_color":"131516","profile_background_image_url":"http:\/\/abs.twimg.com\/images\/themes\/theme14\/bg.gif","profile_background_image_url_https":"https:\/\/abs.twimg.com\/images\/themes\/theme14\/bg.gif","profile_background_tile":false,"profile_link_color":"9266CC","profile_sidebar_border_color":"FFFFFF","profile_sidebar_fill_color":"F6FFD1","profile_text_color":"333333","profile_use_background_image":false,"profile_image_url":"http:\/\/pbs.twimg.com\/profile_images\/1122205200138276865\/-E7qHmnO_normal.jpg","profile_image_url_https":"https:\/\/pbs.twimg.com\/profile_images\/1122205200138276865\/-E7qHmnO_normal.jpg","profile_banner_url":"https:\/\/pbs.twimg.com\/profile_banners\/346415804\/1559626306","default_profile":false,"default_profile_image":false,"following":null,"follow_request_sent":null,"notifications":null},"geo":null,"coordinates":null,"place":null,"contributors":null,"retweeted_status":{"created_at":"Fri Apr 17 02:06:21 +0000 2020","id":1250968812213743621,"id_str":"1250968812213743621","text":"I love it when ppl call me baby","source":"\u003ca href=\"http:\/\/twitter.com\/download\/iphone\" rel=\"nofollow\"\u003eTwitter for iPhone\u003c\/a\u003e","truncated":false,"in_reply_to_status_id":null,"in_reply_to_status_id_str":null,"in_reply_to_user_id":null,"in_reply_to_user_id_str":null,"in_reply_to_screen_name":null,"user":{"id":1000214592256139266,"id_str":"1000214592256139266","name":"passive mob","screen_name":"toy6424","location":null,"url":"http:\/\/Instagram.com\/6424toy","description":"\ud83d\udecc\u02da\u2727\u208a\u204e\u275d jack of all trades \u275d\u1dc0\u0ebb\u0f7d \u204e\u207a\u02f3\u2727\u0f1a \ud83e\uddc3\ud83d\uddbc","translator_type":"none","protected":false,"verified":false,"followers_count":563,"friends_count":212,"listed_count":1,"favourites_count":29241,"statuses_count":4268,"created_at":"Sat May 26 03:18:36 +0000 2018","utc_offset":null,"time_zone":null,"geo_enabled":true,"lang":null,"contributors_enabled":false,"is_translator":false,"profile_background_color":"F5F8FA","profile_background_image_url":"","profile_background_image_url_https":"","profile_background_tile":false,"profile_link_color":"1DA1F2","profile_sidebar_border_color":"C0DEED","profile_sidebar_fill_color":"DDEEF6","profile_text_color":"333333","profile_use_background_image":true,"profile_image_url":"http:\/\/pbs.twimg.com\/profile_images\/1245424857103433728\/y5aQg4ih_normal.jpg","profile_image_url_https":"https:\/\/pbs.twimg.com\/profile_images\/1245424857103433728\/y5aQg4ih_normal.jpg","profile_banner_url":"https:\/\/pbs.twimg.com\/profile_banners\/1000214592256139266\/1582333290","default_profile":true,"default_profile_image":false,"following":null,"follow_request_sent":null,"notifications":null},"geo":null,"coordinates":null,"place":null,"contributors":null,"is_quote_status":false,"quote_count":0,"reply_count":0,"retweet_count":2,"favorite_count":1,"entities":{"hashtags":[],"urls":[],"user_mentions":[],"symbols":[]},"favorited":false,"retweeted":false,"filter_level":"low","lang":"en"},"is_quote_status":false,"quote_count":0,"reply_count":0,"retweet_count":0,"favorite_count":0,"entities":{"hashtags":[],"urls":[],"user_mentions":[{"screen_name":"toy6424","name":"passive mob","id":1000214592256139266,"id_str":"1000214592256139266","indices":[3,11]}],"symbols":[]},"favorited":false,"retweeted":false,"filter_level":"low","lang":"en","timestamp_ms":"1587090050084"}