{"created_at":"Fri Apr 17 02:20:49 +0000 2020","id":1250972453913886720,"id_str":"1250972453913886720","text":"@madisonbeer hi i love u so much","display_text_range":[13,32],"source":"\u003ca href=\"http:\/\/twitter.com\/download\/android\" rel=\"nofollow\"\u003eTwitter for Android\u003c\/a\u003e","truncated":false,"in_reply_to_status_id":1250972180998995968,"in_reply_to_status_id_str":"1250972180998995968","in_reply_to_user_id":233183631,"in_reply_to_user_id_str":"233183631","in_reply_to_screen_name":"madisonbeer","user":{"id":300438718,"id_str":"300438718","name":"magali","screen_name":"tearsavenues","location":"argentina","url":"https:\/\/youtu.be\/6uyQfqL5uB4","description":"-- ag. hs. zm. mb enthusiast \u22c6.*\u0cc3\u2727  \u2022 fan account. no affiliation to ariana grande or any celebrity.","translator_type":"none","protected":false,"verified":false,"followers_count":4616,"friends_count":1970,"listed_count":85,"favourites_count":6777,"statuses_count":13038,"created_at":"Tue May 17 19:24:17 +0000 2011","utc_offset":null,"time_zone":null,"geo_enabled":false,"lang":null,"contributors_enabled":false,"is_translator":false,"profile_background_color":"C0DEED","profile_background_image_url":"http:\/\/abs.twimg.com\/images\/themes\/theme1\/bg.png","profile_background_image_url_https":"https:\/\/abs.twimg.com\/images\/themes\/theme1\/bg.png","profile_background_tile":false,"profile_link_color":"1DA1F2","profile_sidebar_border_color":"C0DEED","profile_sidebar_fill_color":"DDEEF6","profile_text_color":"333333","profile_use_background_image":true,"profile_image_url":"http:\/\/pbs.twimg.com\/profile_images\/1249770284359585795\/8QpSpg9d_normal.jpg","profile_image_url_https":"https:\/\/pbs.twimg.com\/profile_images\/1249770284359585795\/8QpSpg9d_normal.jpg","profile_banner_url":"https:\/\/pbs.twimg.com\/profile_banners\/300438718\/1585486028","default_profile":true,"default_profile_image":false,"following":null,"follow_request_sent":null,"notifications":null},"geo":null,"coordinates":null,"place":null,"contributors":null,"is_quote_status":false,"quote_count":0,"reply_count":0,"retweet_count":0,"favorite_count":0,"entities":{"hashtags":[],"urls":[],"user_mentions":[{"screen_name":"madisonbeer","name":"Madison Beer","id":233183631,"id_str":"233183631","indices":[0,12]}],"symbols":[]},"favorited":false,"retweeted":false,"filter_level":"low","lang":"en","timestamp_ms":"1587090049614"}