{"created_at":"Fri Apr 17 02:20:49 +0000 2020","id":1250972453880229888,"id_str":"1250972453880229888","text":"At some point who would love to hear me do covers for bands that you all suggest on my drums really comment down or vote here","source":"\u003ca href=\"http:\/\/twitter.com\/download\/iphone\" rel=\"nofollow\"\u003eTwitter for iPhone\u003c\/a\u003e","truncated":false,"in_reply_to_status_id":null,"in_reply_to_status_id_str":null,"in_reply_to_user_id":null,"in_reply_to_user_id_str":null,"in_reply_to_screen_name":null,"user":{"id":1074115907331383296,"id_str":"1074115907331383296","name":"foxythepirate413","screen_name":"foxythepirat31","location":"California, USA","url":null,"description":"Hi And Welcome this is my rp\/Personal stuff as well which mostly it\u2019s in dms but you can send me nudes or rp with me bio below","translator_type":"none","protected":false,"verified":false,"followers_count":358,"friends_count":422,"listed_count":0,"favourites_count":3229,"statuses_count":2295,"created_at":"Sun Dec 16 01:36:03 +0000 2018","utc_offset":null,"time_zone":null,"geo_enabled":true,"lang":null,"contributors_enabled":false,"is_translator":false,"profile_background_color":"F5F8FA","profile_background_image_url":"","profile_background_image_url_https":"","profile_background_tile":false,"profile_link_color":"1DA1F2","profile_sidebar_border_color":"C0DEED","profile_sidebar_fill_color":"DDEEF6","profile_text_color":"333333","profile_use_background_image":true,"profile_image_url":"http:\/\/pbs.twimg.com\/profile_images\/1208820401674977281\/DHMlnnfu_normal.jpg","profile_image_url_https":"https:\/\/pbs.twimg.com\/profile_images\/1208820401674977281\/DHMlnnfu_normal.jpg","profile_banner_url":"https:\/\/pbs.twimg.com\/profile_banners\/1074115907331383296\/1576601905","default_profile":true,"default_profile_image":false,"following":null,"follow_request_sent":null,"notifications":null},"geo":null,"coordinates":null,"place":null,"contributors":null,"is_quote_status":false,"quote_count":0,"reply_count":0,"retweet_count":0,"favorite_count":0,"entities":{"hashtags":[],"urls":[],"user_mentions":[],"symbols":[]},"favorited":false,"retweeted":false,"filter_level":"low","lang":"en","timestamp_ms":"1587090049606"}