{"created_at":"Fri Apr 17 02:20:49 +0000 2020","id":1250972455453237248,"id_str":"1250972455453237248","text":"we love to see it \n\n(don\u2019t worry we are literally in my apartment complex we\u2019re not infecting anyone) https:\/\/t.co\/jgccuYSCfs","display_text_range":[0,101],"source":"\u003ca href=\"http:\/\/twitter.com\/download\/iphone\" rel=\"nofollow\"\u003eTwitter for iPhone\u003c\/a\u003e","truncated":false,"in_reply_to_status_id":null,"in_reply_to_status_id_str":null,"in_reply_to_user_id":null,"in_reply_to_user_id_str":null,"in_reply_to_screen_name":null,"user":{"id":624169190,"id_str":"624169190","name":"abs \ud83c\udf4b","screen_name":"igotabbsss","location":null,"url":null,"description":"slytherin | capricorn","translator_type":"none","protected":false,"verified":false,"followers_count":731,"friends_count":622,"listed_count":3,"favourites_count":260606,"statuses_count":48934,"created_at":"Sun Jul 01 23:12:12 +0000 2012","utc_offset":null,"time_zone":null,"geo_enabled":true,"lang":null,"contributors_enabled":false,"is_translator":false,"profile_background_color":"000000","profile_background_image_url":"http:\/\/abs.twimg.com\/images\/themes\/theme1\/bg.png","profile_background_image_url_https":"https:\/\/abs.twimg.com\/images\/themes\/theme1\/bg.png","profile_background_tile":true,"profile_link_color":"07010A","profile_sidebar_border_color":"FFFFFF","profile_sidebar_fill_color":"DDEEF6","profile_text_color":"333333","profile_use_background_image":false,"profile_image_url":"http:\/\/pbs.twimg.com\/profile_images\/1246869454354612224\/ikxonYqV_normal.jpg","profile_image_url_https":"https:\/\/pbs.twimg.com\/profile_images\/1246869454354612224\/ikxonYqV_normal.jpg","profile_banner_url":"https:\/\/pbs.twimg.com\/profile_banners\/624169190\/1586639991","default_profile":false,"default_profile_image":false,"following":null,"follow_request_sent":null,"notifications":null},"geo":null,"coordinates":null,"place":null,"contributors":null,"is_quote_status":false,"quote_count":0,"reply_count":0,"retweet_count":0,"favorite_count":0,"entities":{"hashtags":[],"urls":[],"user_mentions":[],"symbols":[],"media":[{"id":1250972404530233345,"id_str":"1250972404530233345","indices":[102,125],"media_url":"http:\/\/pbs.twimg.com\/media\/EVxYxiPXQAEbtkt.jpg","media_url_https":"https:\/\/pbs.twimg.com\/media\/EVxYxiPXQAEbtkt.jpg","url":"https:\/\/t.co\/jgccuYSCfs","display_url":"pic.twitter.com\/jgccuYSCfs","expanded_url":"https:\/\/twitter.com\/igotabbsss\/status\/1250972455453237248\/photo\/1","type":"photo","sizes":{"thumb":{"w":150,"h":150,"resize":"crop"},"large":{"w":2048,"h":1536,"resize":"fit"},"medium":{"w":1200,"h":900,"resize":"fit"},"small":{"w":680,"h":510,"resize":"fit"}}}]},"extended_entities":{"media":[{"id":1250972404530233345,"id_str":"1250972404530233345","indices":[102,125],"media_url":"http:\/\/pbs.twimg.com\/media\/EVxYxiPXQAEbtkt.jpg","media_url_https":"https:\/\/pbs.twimg.com\/media\/EVxYxiPXQAEbtkt.jpg","url":"https:\/\/t.co\/jgccuYSCfs","display_url":"pic.twitter.com\/jgccuYSCfs","expanded_url":"https:\/\/twitter.com\/igotabbsss\/status\/1250972455453237248\/photo\/1","type":"photo","sizes":{"thumb":{"w":150,"h":150,"resize":"crop"},"large":{"w":2048,"h":1536,"resize":"fit"},"medium":{"w":1200,"h":900,"resize":"fit"},"small":{"w":680,"h":510,"resize":"fit"}}},{"id":1250972404526039041,"id_str":"1250972404526039041","indices":[102,125],"media_url":"http:\/\/pbs.twimg.com\/media\/EVxYxiOXQAEz0db.jpg","media_url_https":"https:\/\/pbs.twimg.com\/media\/EVxYxiOXQAEz0db.jpg","url":"https:\/\/t.co\/jgccuYSCfs","display_url":"pic.twitter.com\/jgccuYSCfs","expanded_url":"https:\/\/twitter.com\/igotabbsss\/status\/1250972455453237248\/photo\/1","type":"photo","sizes":{"thumb":{"w":150,"h":150,"resize":"crop"},"large":{"w":2048,"h":1536,"resize":"fit"},"medium":{"w":1200,"h":900,"resize":"fit"},"small":{"w":680,"h":510,"resize":"fit"}}},{"id":1250972404530270211,"id_str":"1250972404530270211","indices":[102,125],"media_url":"http:\/\/pbs.twimg.com\/media\/EVxYxiPX0AMX5mq.jpg","media_url_https":"https:\/\/pbs.twimg.com\/media\/EVxYxiPX0AMX5mq.jpg","url":"https:\/\/t.co\/jgccuYSCfs","display_url":"pic.twitter.com\/jgccuYSCfs","expanded_url":"https:\/\/twitter.com\/igotabbsss\/status\/1250972455453237248\/photo\/1","type":"photo","sizes":{"thumb":{"w":150,"h":150,"resize":"crop"},"large":{"w":2048,"h":1536,"resize":"fit"},"medium":{"w":1200,"h":900,"resize":"fit"},"small":{"w":680,"h":510,"resize":"fit"}}},{"id":1250972404538642433,"id_str":"1250972404538642433","indices":[102,125],"media_url":"http:\/\/pbs.twimg.com\/media\/EVxYxiRXkAEVICG.jpg","media_url_https":"https:\/\/pbs.twimg.com\/media\/EVxYxiRXkAEVICG.jpg","url":"https:\/\/t.co\/jgccuYSCfs","display_url":"pic.twitter.com\/jgccuYSCfs","expanded_url":"https:\/\/twitter.com\/igotabbsss\/status\/1250972455453237248\/photo\/1","type":"photo","sizes":{"thumb":{"w":150,"h":150,"resize":"crop"},"large":{"w":2048,"h":1536,"resize":"fit"},"medium":{"w":1200,"h":900,"resize":"fit"},"small":{"w":680,"h":510,"resize":"fit"}}}]},"favorited":false,"retweeted":false,"possibly_sensitive":false,"filter_level":"low","lang":"en","timestamp_ms":"1587090049981"}