{"created_at":"Fri Apr 17 02:20:49 +0000 2020","id":1250972454261977089,"id_str":"1250972454261977089","text":"RT @_jenible: \"You're smile makes the world so much brighter, your presence makes it more kinder, your love for all makes it more lovelier.\u2026","source":"\u003ca href=\"http:\/\/twitter.com\/download\/iphone\" rel=\"nofollow\"\u003eTwitter for iPhone\u003c\/a\u003e","truncated":false,"in_reply_to_status_id":null,"in_reply_to_status_id_str":null,"in_reply_to_user_id":null,"in_reply_to_user_id_str":null,"in_reply_to_screen_name":null,"user":{"id":1962718753,"id_str":"1962718753","name":"Mizu \u263e","screen_name":"sunshciner","location":"GOT7 and IGOT7 ","url":null,"description":"\u3164 \u3164 \u3164 i need you in my life, i want you for my whole life. \u2014 Love you better \u3164 \u3164 \u3164","translator_type":"none","protected":false,"verified":false,"followers_count":658,"friends_count":116,"listed_count":12,"favourites_count":6160,"statuses_count":54199,"created_at":"Tue Oct 15 13:42:24 +0000 2013","utc_offset":null,"time_zone":null,"geo_enabled":true,"lang":null,"contributors_enabled":false,"is_translator":false,"profile_background_color":"C0DEED","profile_background_image_url":"http:\/\/abs.twimg.com\/images\/themes\/theme1\/bg.png","profile_background_image_url_https":"https:\/\/abs.twimg.com\/images\/themes\/theme1\/bg.png","profile_background_tile":true,"profile_link_color":"0084B4","profile_sidebar_border_color":"FFFFFF","profile_sidebar_fill_color":"DDEEF6","profile_text_color":"333333","profile_use_background_image":true,"profile_image_url":"http:\/\/pbs.twimg.com\/profile_images\/1250086219226075141\/83yJVyv-_normal.jpg","profile_image_url_https":"https:\/\/pbs.twimg.com\/profile_images\/1250086219226075141\/83yJVyv-_normal.jpg","profile_banner_url":"https:\/\/pbs.twimg.com\/profile_banners\/1962718753\/1586877531","default_profile":false,"default_profile_image":false,"following":null,"follow_request_sent":null,"notifications":null},"geo":null,"coordinates":null,"place":null,"contributors":null,"retweeted_status":{"created_at":"Sun Mar 22 12:05:56 +0000 2020","id":1241697617605791746,"id_str":"1241697617605791746","text":"\"You're smile makes the world so much brighter, your presence makes it more kinder, your love for all makes it more\u2026 https:\/\/t.co\/DBy917bcT9","display_text_range":[0,140],"source":"\u003ca href=\"http:\/\/twitter.com\/download\/android\" rel=\"nofollow\"\u003eTwitter for Android\u003c\/a\u003e","truncated":true,"in_reply_to_status_id":null,"in_reply_to_status_id_str":null,"in_reply_to_user_id":null,"in_reply_to_user_id_str":null,"in_reply_to_screen_name":null,"user":{"id":462557561,"id_str":"462557561","name":"jeni \ud83c\udf3c\ud83d\udccc giveaway","screen_name":"_jenible","location":"Philippines","url":"https:\/\/curiouscat.me\/ahgakisses","description":"mark tuan is the man, markjinbum is the trinity \u2763\n#JJP enthusiast \u2763 @GOT7ILOPH \u2763 102619 \u2763","translator_type":"none","protected":false,"verified":false,"followers_count":1103,"friends_count":429,"listed_count":19,"favourites_count":15776,"statuses_count":87357,"created_at":"Fri Jan 13 02:40:03 +0000 2012","utc_offset":null,"time_zone":null,"geo_enabled":true,"lang":null,"contributors_enabled":false,"is_translator":false,"profile_background_color":"9266CC","profile_background_image_url":"http:\/\/abs.twimg.com\/images\/themes\/theme1\/bg.png","profile_background_image_url_https":"https:\/\/abs.twimg.com\/images\/themes\/theme1\/bg.png","profile_background_tile":true,"profile_link_color":"E81C4F","profile_sidebar_border_color":"FFFFFF","profile_sidebar_fill_color":"DDEEF6","profile_text_color":"333333","profile_use_background_image":true,"profile_image_url":"http:\/\/pbs.twimg.com\/profile_images\/1249633082367307777\/U4H86L3B_normal.jpg","profile_image_url_https":"https:\/\/pbs.twimg.com\/profile_images\/1249633082367307777\/U4H86L3B_normal.jpg","profile_banner_url":"https:\/\/pbs.twimg.com\/profile_banners\/462557561\/1586915783","default_profile":false,"default_profile_image":false,"following":null,"follow_request_sent":null,"notifications":null},"geo":null,"coordinates":null,"place":null,"contributors":null,"is_quote_status":false,"extended_tweet":{"full_text":"\"You're smile makes the world so much brighter, your presence makes it more kinder, your love for all makes it more lovelier.\" \ud83d\udc95 \n\n\u2728\u2763 Daily Mark Tuan thread \u2763\u2728\n\n#Mark #MarkTuan #\ub9c8\ud06c #\u6bb5\u5b9c\u6069\n#GOT7 #\uac13\uc138\ube10 @mtuan93 @GOT7Official https:\/\/t.co\/XxzG2voNIO","display_text_range":[0,219],"entities":{"hashtags":[{"text":"Mark","indices":[161,166]},{"text":"MarkTuan","indices":[167,176]},{"text":"\ub9c8\ud06c","indices":[177,180]},{"text":"\u6bb5\u5b9c\u6069","indices":[181,185]},{"text":"GOT7","indices":[186,191]},{"text":"\uac13\uc138\ube10","indices":[192,196]}],"urls":[],"user_mentions":[{"screen_name":"mtuan93","name":"Mark Tuan","id":2391232105,"id_str":"2391232105","indices":[197,205]},{"screen_name":"GOT7Official","name":"GOT7","id":573299587,"id_str":"573299587","indices":[206,219]}],"symbols":[],"media":[{"id":1241697614052995077,"id_str":"1241697614052995077","indices":[220,243],"media_url":"http:\/\/pbs.twimg.com\/media\/ETtlZrQUMAUGcZ6.jpg","media_url_https":"https:\/\/pbs.twimg.com\/media\/ETtlZrQUMAUGcZ6.jpg","url":"https:\/\/t.co\/XxzG2voNIO","display_url":"pic.twitter.com\/XxzG2voNIO","expanded_url":"https:\/\/twitter.com\/_jenible\/status\/1241697617605791746\/photo\/1","type":"photo","sizes":{"thumb":{"w":150,"h":150,"resize":"crop"},"small":{"w":453,"h":680,"resize":"fit"},"medium":{"w":720,"h":1080,"resize":"fit"},"large":{"w":720,"h":1080,"resize":"fit"}}}]},"extended_entities":{"media":[{"id":1241697614052995077,"id_str":"1241697614052995077","indices":[220,243],"media_url":"http:\/\/pbs.twimg.com\/media\/ETtlZrQUMAUGcZ6.jpg","media_url_https":"https:\/\/pbs.twimg.com\/media\/ETtlZrQUMAUGcZ6.jpg","url":"https:\/\/t.co\/XxzG2voNIO","display_url":"pic.twitter.com\/XxzG2voNIO","expanded_url":"https:\/\/twitter.com\/_jenible\/status\/1241697617605791746\/photo\/1","type":"photo","sizes":{"thumb":{"w":150,"h":150,"resize":"crop"},"small":{"w":453,"h":680,"resize":"fit"},"medium":{"w":720,"h":1080,"resize":"fit"},"large":{"w":720,"h":1080,"resize":"fit"}}}]}},"quote_count":1,"reply_count":1,"retweet_count":6,"favorite_count":10,"entities":{"hashtags":[],"urls":[{"url":"https:\/\/t.co\/DBy917bcT9","expanded_url":"https:\/\/twitter.com\/i\/web\/status\/1241697617605791746","display_url":"twitter.com\/i\/web\/status\/1\u2026","indices":[117,140]}],"user_mentions":[],"symbols":[]},"favorited":false,"retweeted":false,"possibly_sensitive":false,"filter_level":"low","lang":"en"},"is_quote_status":false,"quote_count":0,"reply_count":0,"retweet_count":0,"favorite_count":0,"entities":{"hashtags":[],"urls":[],"user_mentions":[{"screen_name":"_jenible","name":"jeni \ud83c\udf3c\ud83d\udccc giveaway","id":462557561,"id_str":"462557561","indices":[3,12]}],"symbols":[]},"favorited":false,"retweeted":false,"filter_level":"low","lang":"en","timestamp_ms":"1587090049697"}