{"created_at":"Fri Apr 17 02:20:49 +0000 2020","id":1250972453670547457,"id_str":"1250972453670547457","text":"Sorry, but I won't be able to upload anything tonight since I have to prep for a test. Here's what I posted yesterd\u2026 https:\/\/t.co\/aOnWYOyG7P","source":"\u003ca href=\"http:\/\/twitter.com\/download\/android\" rel=\"nofollow\"\u003eTwitter for Android\u003c\/a\u003e","truncated":true,"in_reply_to_status_id":null,"in_reply_to_status_id_str":null,"in_reply_to_user_id":null,"in_reply_to_user_id_str":null,"in_reply_to_screen_name":null,"user":{"id":973707197237510144,"id_str":"973707197237510144","name":"\ud835\udd99\ud835\udd97\ud835\udd8e\ud835\udd98\ud835\udd99\ud835\udd86\ud835\udd93_\ud835\udd87\ud835\udd87\ud835\udd9e \ud83d\udda4","screen_name":"twiliight_omen","location":"\ud835\udd36\ud835\udd2c\ud835\udd32\ud835\udd2f \ud835\udd31\ud835\udd2f\ud835\udd1e\ud835\udd30\ud835\udd25 \ud835\udd20\ud835\udd1e\ud835\udd2b \ud83d\uddd1\ufe0f","url":"https:\/\/curiouscat.me\/xx_unsung_xx","description":"\u1d07\u0274\u0262\/\u0262\u1d07\u0280 |\ud83c\udff3\ufe0f\u200d\u26a7\ufe0f  \u029c\u1d07\/\u029c\u026a\u1d0d | 16 | \u029f\u1d0f\u1d20\u1d07\ua731 \u1d1b\u1d0f \u1d05\u0280\u1d00\u1d21 \u1d00\u0274\u1d05 \ua731\u1d1c\u1d18\u1d18\u1d0f\u0280\u1d1b \u1d1b\u029c\u1d07 \u1d00\u0280\u1d1b \u1d04\u1d0f\u1d0d\u1d0d\u1d1c\u0274\u026a\u1d1b\u028f","translator_type":"none","protected":false,"verified":false,"followers_count":346,"friends_count":408,"listed_count":1,"favourites_count":15919,"statuses_count":6517,"created_at":"Tue Mar 13 23:47:41 +0000 2018","utc_offset":null,"time_zone":null,"geo_enabled":false,"lang":null,"contributors_enabled":false,"is_translator":false,"profile_background_color":"000000","profile_background_image_url":"http:\/\/abs.twimg.com\/images\/themes\/theme1\/bg.png","profile_background_image_url_https":"https:\/\/abs.twimg.com\/images\/themes\/theme1\/bg.png","profile_background_tile":false,"profile_link_color":"91D2FA","profile_sidebar_border_color":"000000","profile_sidebar_fill_color":"000000","profile_text_color":"000000","profile_use_background_image":false,"profile_image_url":"http:\/\/pbs.twimg.com\/profile_images\/1249944399913484288\/-hgJoUKU_normal.png","profile_image_url_https":"https:\/\/pbs.twimg.com\/profile_images\/1249944399913484288\/-hgJoUKU_normal.png","profile_banner_url":"https:\/\/pbs.twimg.com\/profile_banners\/973707197237510144\/1586935601","default_profile":false,"default_profile_image":false,"following":null,"follow_request_sent":null,"notifications":null},"geo":null,"coordinates":null,"place":null,"contributors":null,"quoted_status_id":1250659678071091201,"quoted_status_id_str":"1250659678071091201","quoted_status":{"created_at":"Thu Apr 16 05:37:58 +0000 2020","id":1250659678071091201,"id_str":"1250659678071091201","text":"I saw this 5 minute artist challenge by @thesummerwars and I had to do it for myself. I love how each artist can gi\u2026 https:\/\/t.co\/hpwRQ7D3EC","display_text_range":[0,140],"source":"\u003ca href=\"http:\/\/twitter.com\" rel=\"nofollow\"\u003eTwitter Web Client\u003c\/a\u003e","truncated":true,"in_reply_to_status_id":null,"in_reply_to_status_id_str":null,"in_reply_to_user_id":null,"in_reply_to_user_id_str":null,"in_reply_to_screen_name":null,"user":{"id":973707197237510144,"id_str":"973707197237510144","name":"\ud835\udd99\ud835\udd97\ud835\udd8e\ud835\udd98\ud835\udd99\ud835\udd86\ud835\udd93_\ud835\udd87\ud835\udd87\ud835\udd9e \ud83d\udda4","screen_name":"twiliight_omen","location":"\ud835\udd36\ud835\udd2c\ud835\udd32\ud835\udd2f \ud835\udd31\ud835\udd2f\ud835\udd1e\ud835\udd30\ud835\udd25 \ud835\udd20\ud835\udd1e\ud835\udd2b \ud83d\uddd1\ufe0f","url":"https:\/\/curiouscat.me\/xx_unsung_xx","description":"\u1d07\u0274\u0262\/\u0262\u1d07\u0280 |\ud83c\udff3\ufe0f\u200d\u26a7\ufe0f  \u029c\u1d07\/\u029c\u026a\u1d0d | 16 | \u029f\u1d0f\u1d20\u1d07\ua731 \u1d1b\u1d0f \u1d05\u0280\u1d00\u1d21 \u1d00\u0274\u1d05 \ua731\u1d1c\u1d18\u1d18\u1d0f\u0280\u1d1b \u1d1b\u029c\u1d07 \u1d00\u0280\u1d1b \u1d04\u1d0f\u1d0d\u1d0d\u1d1c\u0274\u026a\u1d1b\u028f","translator_type":"none","protected":false,"verified":false,"followers_count":346,"friends_count":408,"listed_count":1,"favourites_count":15919,"statuses_count":6516,"created_at":"Tue Mar 13 23:47:41 +0000 2018","utc_offset":null,"time_zone":null,"geo_enabled":false,"lang":null,"contributors_enabled":false,"is_translator":false,"profile_background_color":"000000","profile_background_image_url":"http:\/\/abs.twimg.com\/images\/themes\/theme1\/bg.png","profile_background_image_url_https":"https:\/\/abs.twimg.com\/images\/themes\/theme1\/bg.png","profile_background_tile":false,"profile_link_color":"91D2FA","profile_sidebar_border_color":"000000","profile_sidebar_fill_color":"000000","profile_text_color":"000000","profile_use_background_image":false,"profile_image_url":"http:\/\/pbs.twimg.com\/profile_images\/1249944399913484288\/-hgJoUKU_normal.png","profile_image_url_https":"https:\/\/pbs.twimg.com\/profile_images\/1249944399913484288\/-hgJoUKU_normal.png","profile_banner_url":"https:\/\/pbs.twimg.com\/profile_banners\/973707197237510144\/1586935601","default_profile":false,"default_profile_image":false,"following":null,"follow_request_sent":null,"notifications":null},"geo":null,"coordinates":null,"place":null,"contributors":null,"is_quote_status":false,"extended_tweet":{"full_text":"I saw this 5 minute artist challenge by @thesummerwars and I had to do it for myself. I love how each artist can give it their own personal touch. Thank you for making this. \ud83d\ude09\ud83d\udda4\n\n#fiveminuteartist https:\/\/t.co\/TplUjXzaDC","display_text_range":[0,195],"entities":{"hashtags":[{"text":"fiveminuteartist","indices":[178,195]}],"urls":[],"user_mentions":[{"screen_name":"thesummerwars","name":"olivine \ud83d\udc9c\u2694\ufe0f #5minuteartist (i took 20 on mine)","id":2424898653,"id_str":"2424898653","indices":[40,54]}],"symbols":[],"media":[{"id":1250659265468985349,"id_str":"1250659265468985349","indices":[196,219],"media_url":"http:\/\/pbs.twimg.com\/media\/EVs7-cVUcAUkTuq.jpg","media_url_https":"https:\/\/pbs.twimg.com\/media\/EVs7-cVUcAUkTuq.jpg","url":"https:\/\/t.co\/TplUjXzaDC","display_url":"pic.twitter.com\/TplUjXzaDC","expanded_url":"https:\/\/twitter.com\/twiliight_omen\/status\/1250659678071091201\/photo\/1","type":"photo","sizes":{"large":{"w":1589,"h":2047,"resize":"fit"},"thumb":{"w":150,"h":150,"resize":"crop"},"medium":{"w":932,"h":1200,"resize":"fit"},"small":{"w":528,"h":680,"resize":"fit"}}}]},"extended_entities":{"media":[{"id":1250659265468985349,"id_str":"1250659265468985349","indices":[196,219],"media_url":"http:\/\/pbs.twimg.com\/media\/EVs7-cVUcAUkTuq.jpg","media_url_https":"https:\/\/pbs.twimg.com\/media\/EVs7-cVUcAUkTuq.jpg","url":"https:\/\/t.co\/TplUjXzaDC","display_url":"pic.twitter.com\/TplUjXzaDC","expanded_url":"https:\/\/twitter.com\/twiliight_omen\/status\/1250659678071091201\/photo\/1","type":"photo","sizes":{"large":{"w":1589,"h":2047,"resize":"fit"},"thumb":{"w":150,"h":150,"resize":"crop"},"medium":{"w":932,"h":1200,"resize":"fit"},"small":{"w":528,"h":680,"resize":"fit"}}}]}},"quote_count":0,"reply_count":0,"retweet_count":1,"favorite_count":4,"entities":{"hashtags":[],"urls":[{"url":"https:\/\/t.co\/hpwRQ7D3EC","expanded_url":"https:\/\/twitter.com\/i\/web\/status\/1250659678071091201","display_url":"twitter.com\/i\/web\/status\/1\u2026","indices":[117,140]}],"user_mentions":[{"screen_name":"thesummerwars","name":"olivine \ud83d\udc9c\u2694\ufe0f #5minuteartist (i took 20 on mine)","id":2424898653,"id_str":"2424898653","indices":[40,54]}],"symbols":[]},"favorited":false,"retweeted":false,"possibly_sensitive":false,"filter_level":"low","lang":"en"},"quoted_status_permalink":{"url":"https:\/\/t.co\/3S45Rp3blY","expanded":"https:\/\/twitter.com\/twiliight_omen\/status\/1250659678071091201?s=19","display":"twitter.com\/twiliight_omen\u2026"},"is_quote_status":true,"extended_tweet":{"full_text":"Sorry, but I won't be able to upload anything tonight since I have to prep for a test. Here's what I posted yesterday if you missed it. \ud83d\udda4\n\nhttps:\/\/t.co\/3S45Rp3blY","display_text_range":[0,162],"entities":{"hashtags":[],"urls":[{"url":"https:\/\/t.co\/3S45Rp3blY","expanded_url":"https:\/\/twitter.com\/twiliight_omen\/status\/1250659678071091201?s=19","display_url":"twitter.com\/twiliight_omen\u2026","indices":[139,162]}],"user_mentions":[],"symbols":[]}},"quote_count":0,"reply_count":0,"retweet_count":0,"favorite_count":0,"entities":{"hashtags":[],"urls":[{"url":"https:\/\/t.co\/aOnWYOyG7P","expanded_url":"https:\/\/twitter.com\/i\/web\/status\/1250972453670547457","display_url":"twitter.com\/i\/web\/status\/1\u2026","indices":[117,140]}],"user_mentions":[],"symbols":[]},"favorited":false,"retweeted":false,"possibly_sensitive":false,"filter_level":"low","lang":"en","timestamp_ms":"1587090049556"}