{"created_at":"Fri Apr 17 02:20:49 +0000 2020","id":1250972453427310594,"id_str":"1250972453427310594","text":"Is my love too much for you?","source":"\u003ca href=\"http:\/\/twitter.com\/download\/android\" rel=\"nofollow\"\u003eTwitter for Android\u003c\/a\u003e","truncated":false,"in_reply_to_status_id":null,"in_reply_to_status_id_str":null,"in_reply_to_user_id":null,"in_reply_to_user_id_str":null,"in_reply_to_screen_name":null,"user":{"id":1131376316102537216,"id_str":"1131376316102537216","name":"-","screen_name":"unniegizibe","location":"c h a e r a w a n d e r e r","url":null,"description":"A baby gzb with a blackjack heart.                                                    \n\n\nFan Account","translator_type":"none","protected":false,"verified":false,"followers_count":361,"friends_count":320,"listed_count":6,"favourites_count":27515,"statuses_count":12184,"created_at":"Thu May 23 01:48:28 +0000 2019","utc_offset":null,"time_zone":null,"geo_enabled":false,"lang":null,"contributors_enabled":false,"is_translator":false,"profile_background_color":"F5F8FA","profile_background_image_url":"","profile_background_image_url_https":"","profile_background_tile":false,"profile_link_color":"1DA1F2","profile_sidebar_border_color":"C0DEED","profile_sidebar_fill_color":"DDEEF6","profile_text_color":"333333","profile_use_background_image":true,"profile_image_url":"http:\/\/pbs.twimg.com\/profile_images\/1244994275839897600\/aX_2DPnG_normal.jpg","profile_image_url_https":"https:\/\/pbs.twimg.com\/profile_images\/1244994275839897600\/aX_2DPnG_normal.jpg","profile_banner_url":"https:\/\/pbs.twimg.com\/profile_banners\/1131376316102537216\/1586630692","default_profile":true,"default_profile_image":false,"following":null,"follow_request_sent":null,"notifications":null},"geo":null,"coordinates":null,"place":null,"contributors":null,"is_quote_status":false,"quote_count":0,"reply_count":0,"retweet_count":0,"favorite_count":0,"entities":{"hashtags":[],"urls":[],"user_mentions":[],"symbols":[]},"favorited":false,"retweeted":false,"filter_level":"low","lang":"en","timestamp_ms":"1587090049498"}