{"created_at":"Fri Apr 17 02:20:49 +0000 2020","id":1250972455298097152,"id_str":"1250972455298097152","text":"RT @CallSignSiren: Be careful, love \nYou are important to me.","source":"\u003ca href=\"http:\/\/twitter.com\/download\/iphone\" rel=\"nofollow\"\u003eTwitter for iPhone\u003c\/a\u003e","truncated":false,"in_reply_to_status_id":null,"in_reply_to_status_id_str":null,"in_reply_to_user_id":null,"in_reply_to_user_id_str":null,"in_reply_to_screen_name":null,"user":{"id":3415230028,"id_str":"3415230028","name":"Cawfeel says:Wash your hands\ud83e\uddfc","screen_name":"Cawfeel","location":"IdaOh hi Mark!","url":"https:\/\/mobile.twitter.com\/search?q=from%3Acawfeel%20-filter%3Areplies","description":"meh","translator_type":"none","protected":false,"verified":false,"followers_count":1974,"friends_count":4982,"listed_count":31,"favourites_count":335077,"statuses_count":281967,"created_at":"Tue Aug 11 12:51:57 +0000 2015","utc_offset":null,"time_zone":null,"geo_enabled":true,"lang":null,"contributors_enabled":false,"is_translator":false,"profile_background_color":"C0DEED","profile_background_image_url":"http:\/\/abs.twimg.com\/images\/themes\/theme1\/bg.png","profile_background_image_url_https":"https:\/\/abs.twimg.com\/images\/themes\/theme1\/bg.png","profile_background_tile":false,"profile_link_color":"1DA1F2","profile_sidebar_border_color":"C0DEED","profile_sidebar_fill_color":"DDEEF6","profile_text_color":"333333","profile_use_background_image":true,"profile_image_url":"http:\/\/pbs.twimg.com\/profile_images\/1163629948139122689\/oTXgSqrk_normal.jpg","profile_image_url_https":"https:\/\/pbs.twimg.com\/profile_images\/1163629948139122689\/oTXgSqrk_normal.jpg","profile_banner_url":"https:\/\/pbs.twimg.com\/profile_banners\/3415230028\/1489063773","default_profile":true,"default_profile_image":false,"following":null,"follow_request_sent":null,"notifications":null},"geo":null,"coordinates":null,"place":null,"contributors":null,"retweeted_status":{"created_at":"Thu Apr 16 19:55:18 +0000 2020","id":1250875435325575171,"id_str":"1250875435325575171","text":"Be careful, love \nYou are important to me.","source":"\u003ca href=\"http:\/\/twitter.com\/download\/iphone\" rel=\"nofollow\"\u003eTwitter for iPhone\u003c\/a\u003e","truncated":false,"in_reply_to_status_id":null,"in_reply_to_status_id_str":null,"in_reply_to_user_id":null,"in_reply_to_user_id_str":null,"in_reply_to_screen_name":null,"user":{"id":597942286,"id_str":"597942286","name":"Siren \ud83d\udcab","screen_name":"CallSignSiren","location":"Already gone \ud83d\udc7b","url":"https:\/\/twitter.com\/search?f=tweets&vertical=default&q=from%3A@callsignsiren%20-filter%3Areplies","description":"Southern girl with eyes on the southern sky. \ud83e\udd8b","translator_type":"none","protected":false,"verified":false,"followers_count":46734,"friends_count":4161,"listed_count":197,"favourites_count":27567,"statuses_count":34508,"created_at":"Sun Jun 03 02:30:16 +0000 2012","utc_offset":null,"time_zone":null,"geo_enabled":true,"lang":null,"contributors_enabled":false,"is_translator":false,"profile_background_color":"000000","profile_background_image_url":"http:\/\/abs.twimg.com\/images\/themes\/theme19\/bg.gif","profile_background_image_url_https":"https:\/\/abs.twimg.com\/images\/themes\/theme19\/bg.gif","profile_background_tile":false,"profile_link_color":"E81C4F","profile_sidebar_border_color":"000000","profile_sidebar_fill_color":"000000","profile_text_color":"000000","profile_use_background_image":false,"profile_image_url":"http:\/\/pbs.twimg.com\/profile_images\/1223641940513755137\/0LAM8lLk_normal.jpg","profile_image_url_https":"https:\/\/pbs.twimg.com\/profile_images\/1223641940513755137\/0LAM8lLk_normal.jpg","profile_banner_url":"https:\/\/pbs.twimg.com\/profile_banners\/597942286\/1584046417","default_profile":false,"default_profile_image":false,"following":null,"follow_request_sent":null,"notifications":null},"geo":null,"coordinates":null,"place":null,"contributors":null,"is_quote_status":false,"quote_count":0,"reply_count":4,"retweet_count":46,"favorite_count":151,"entities":{"hashtags":[],"urls":[],"user_mentions":[],"symbols":[]},"favorited":false,"retweeted":false,"filter_level":"low","lang":"en"},"is_quote_status":false,"quote_count":0,"reply_count":0,"retweet_count":0,"favorite_count":0,"entities":{"hashtags":[],"urls":[],"user_mentions":[{"screen_name":"CallSignSiren","name":"Siren \ud83d\udcab","id":597942286,"id_str":"597942286","indices":[3,17]}],"symbols":[]},"favorited":false,"retweeted":false,"filter_level":"low","lang":"en","timestamp_ms":"1587090049944"}