{"created_at":"Fri Apr 17 02:20:50 +0000 2020","id":1250972456614952960,"id_str":"1250972456614952960","text":"RT @motivate4sucess: YOUR REMINDERS:\n\n\u25aa Smile\n\u25aa Eat well\n\u25aa Set goals\n\u25aa Be patient\n\u25aa Love yourself\n\u25aa Spread kindness\n\u25aa Believe in yourself\n\u25aa\u2026","source":"\u003ca href=\"http:\/\/twitter.com\/download\/iphone\" rel=\"nofollow\"\u003eTwitter for iPhone\u003c\/a\u003e","truncated":false,"in_reply_to_status_id":null,"in_reply_to_status_id_str":null,"in_reply_to_user_id":null,"in_reply_to_user_id_str":null,"in_reply_to_screen_name":null,"user":{"id":2861868504,"id_str":"2861868504","name":"P\u00e5p\u00efCh\u00e4p\u00f8","screen_name":"_GroovyTony","location":"on the beach in cali ","url":null,"description":"Keep it 1K  \u2022Trust the Process\u262f\ufe0f \u2022IG: _papichxpo_","translator_type":"none","protected":false,"verified":false,"followers_count":189,"friends_count":259,"listed_count":1,"favourites_count":7444,"statuses_count":4200,"created_at":"Sat Oct 18 04:47:50 +0000 2014","utc_offset":null,"time_zone":null,"geo_enabled":true,"lang":null,"contributors_enabled":false,"is_translator":false,"profile_background_color":"C0DEED","profile_background_image_url":"http:\/\/abs.twimg.com\/images\/themes\/theme1\/bg.png","profile_background_image_url_https":"https:\/\/abs.twimg.com\/images\/themes\/theme1\/bg.png","profile_background_tile":false,"profile_link_color":"1DA1F2","profile_sidebar_border_color":"C0DEED","profile_sidebar_fill_color":"DDEEF6","profile_text_color":"333333","profile_use_background_image":true,"profile_image_url":"http:\/\/pbs.twimg.com\/profile_images\/1245852484817518594\/Qp8kQaz4_normal.jpg","profile_image_url_https":"https:\/\/pbs.twimg.com\/profile_images\/1245852484817518594\/Qp8kQaz4_normal.jpg","profile_banner_url":"https:\/\/pbs.twimg.com\/profile_banners\/2861868504\/1587075111","default_profile":true,"default_profile_image":false,"following":null,"follow_request_sent":null,"notifications":null},"geo":null,"coordinates":null,"place":null,"contributors":null,"retweeted_status":{"created_at":"Fri Apr 17 00:07:42 +0000 2020","id":1250938955446448130,"id_str":"1250938955446448130","text":"YOUR REMINDERS:\n\n\u25aa Smile\n\u25aa Eat well\n\u25aa Set goals\n\u25aa Be patient\n\u25aa Love yourself\n\u25aa Spread kindness\n\u25aa Believe in yoursel\u2026 https:\/\/t.co\/baa2ipsBUW","source":"\u003ca href=\"http:\/\/twitter.com\/download\/iphone\" rel=\"nofollow\"\u003eTwitter for iPhone\u003c\/a\u003e","truncated":true,"in_reply_to_status_id":null,"in_reply_to_status_id_str":null,"in_reply_to_user_id":null,"in_reply_to_user_id_str":null,"in_reply_to_screen_name":null,"user":{"id":834988327,"id_str":"834988327","name":"Motivation & Success","screen_name":"motivate4sucess","location":"Turn Your Notification On.!!!","url":null,"description":"\u201cDon\u2019t Find Yourself. Build Yourself.!! (Your Daily Dose Of \u201cWISDOM\u201d. Expressing Everything In 280 Characters Or Less.)","translator_type":"none","protected":false,"verified":false,"followers_count":580764,"friends_count":26,"listed_count":1551,"favourites_count":29,"statuses_count":19639,"created_at":"Thu Sep 20 07:16:43 +0000 2012","utc_offset":null,"time_zone":null,"geo_enabled":true,"lang":null,"contributors_enabled":false,"is_translator":false,"profile_background_color":"000000","profile_background_image_url":"http:\/\/abs.twimg.com\/images\/themes\/theme5\/bg.gif","profile_background_image_url_https":"https:\/\/abs.twimg.com\/images\/themes\/theme5\/bg.gif","profile_background_tile":false,"profile_link_color":"ABB8C2","profile_sidebar_border_color":"000000","profile_sidebar_fill_color":"000000","profile_text_color":"000000","profile_use_background_image":false,"profile_image_url":"http:\/\/pbs.twimg.com\/profile_images\/1186935714635636736\/ceUsp3JW_normal.jpg","profile_image_url_https":"https:\/\/pbs.twimg.com\/profile_images\/1186935714635636736\/ceUsp3JW_normal.jpg","profile_banner_url":"https:\/\/pbs.twimg.com\/profile_banners\/834988327\/1564646724","default_profile":false,"default_profile_image":false,"following":null,"follow_request_sent":null,"notifications":null},"geo":null,"coordinates":null,"place":null,"contributors":null,"is_quote_status":false,"extended_tweet":{"full_text":"YOUR REMINDERS:\n\n\u25aa Smile\n\u25aa Eat well\n\u25aa Set goals\n\u25aa Be patient\n\u25aa Love yourself\n\u25aa Spread kindness\n\u25aa Believe in yourself\n\u25aa Change bad habits\n\u25aa Focus on the positive\n\u25aa Quit comparing yourself\n\u25aa Take action on your dreams","display_text_range":[0,215],"entities":{"hashtags":[],"urls":[],"user_mentions":[],"symbols":[]}},"quote_count":7,"reply_count":0,"retweet_count":232,"favorite_count":403,"entities":{"hashtags":[],"urls":[{"url":"https:\/\/t.co\/baa2ipsBUW","expanded_url":"https:\/\/twitter.com\/i\/web\/status\/1250938955446448130","display_url":"twitter.com\/i\/web\/status\/1\u2026","indices":[117,140]}],"user_mentions":[],"symbols":[]},"favorited":false,"retweeted":false,"filter_level":"low","lang":"en"},"is_quote_status":false,"quote_count":0,"reply_count":0,"retweet_count":0,"favorite_count":0,"entities":{"hashtags":[],"urls":[],"user_mentions":[{"screen_name":"motivate4sucess","name":"Motivation & Success","id":834988327,"id_str":"834988327","indices":[3,19]}],"symbols":[]},"favorited":false,"retweeted":false,"filter_level":"low","lang":"en","timestamp_ms":"1587090050258"}