{"created_at":"Fri Apr 17 02:20:49 +0000 2020","id":1250972454777786368,"id_str":"1250972454777786368","text":"RT @Pillow_boi: True love's kiss https:\/\/t.co\/TW53eGu4VR","source":"\u003ca href=\"http:\/\/twitter.com\/download\/android\" rel=\"nofollow\"\u003eTwitter for Android\u003c\/a\u003e","truncated":false,"in_reply_to_status_id":null,"in_reply_to_status_id_str":null,"in_reply_to_user_id":null,"in_reply_to_user_id_str":null,"in_reply_to_screen_name":null,"user":{"id":2679769670,"id_str":"2679769670","name":"kwee \ud83e\udd8c @ wat's drunk friend","screen_name":"cakesiroe","location":"credits to kiwi.","url":null,"description":"[\ud83c\uddf5\ud83c\udded Kwee] fixated on anything concerning team red & dwh. Also \ud83d\udd1e please.","translator_type":"none","protected":false,"verified":false,"followers_count":101,"friends_count":314,"listed_count":7,"favourites_count":88159,"statuses_count":70181,"created_at":"Fri Jul 25 14:47:39 +0000 2014","utc_offset":null,"time_zone":null,"geo_enabled":false,"lang":null,"contributors_enabled":false,"is_translator":false,"profile_background_color":"000000","profile_background_image_url":"http:\/\/abs.twimg.com\/images\/themes\/theme1\/bg.png","profile_background_image_url_https":"https:\/\/abs.twimg.com\/images\/themes\/theme1\/bg.png","profile_background_tile":true,"profile_link_color":"FA743E","profile_sidebar_border_color":"000000","profile_sidebar_fill_color":"DDEEF6","profile_text_color":"333333","profile_use_background_image":true,"profile_image_url":"http:\/\/pbs.twimg.com\/profile_images\/1248902605218041856\/DEZqdYvT_normal.jpg","profile_image_url_https":"https:\/\/pbs.twimg.com\/profile_images\/1248902605218041856\/DEZqdYvT_normal.jpg","profile_banner_url":"https:\/\/pbs.twimg.com\/profile_banners\/2679769670\/1567518231","default_profile":false,"default_profile_image":false,"following":null,"follow_request_sent":null,"notifications":null},"geo":null,"coordinates":null,"place":null,"contributors":null,"retweeted_status":{"created_at":"Fri Mar 20 01:47:24 +0000 2020","id":1240817181568499712,"id_str":"1240817181568499712","text":"True love's kiss https:\/\/t.co\/TW53eGu4VR","display_text_range":[0,16],"source":"\u003ca href=\"https:\/\/mobile.twitter.com\" rel=\"nofollow\"\u003eTwitter Web App\u003c\/a\u003e","truncated":false,"in_reply_to_status_id":1240788211330416641,"in_reply_to_status_id_str":"1240788211330416641","in_reply_to_user_id":804957490299310080,"in_reply_to_user_id_str":"804957490299310080","in_reply_to_screen_name":"Pillow_boi","user":{"id":804957490299310080,"id_str":"804957490299310080","name":"Polochon @ dmcl tea time \ud83c\udf75","screen_name":"Pillow_boi","location":"https:\/\/polochon.carrd.co\/","url":"https:\/\/ko-fi.com\/polochon","description":"Frenchy student majoring in japanese literature, drawing to flee from her thesis \u2606 \ud83c\uddeb\ud83c\uddf7\ud83c\udde6\ud83c\uddf2\ud83c\uddec\ud83c\udde7\ud83c\uddef\ud83c\uddf5 \u2606 side account: @pillow_gal\u2606http:\/\/curiouscat.me\/Pillow_boi","translator_type":"none","protected":false,"verified":false,"followers_count":4519,"friends_count":779,"listed_count":14,"favourites_count":30650,"statuses_count":14191,"created_at":"Sat Dec 03 07:56:35 +0000 2016","utc_offset":null,"time_zone":null,"geo_enabled":false,"lang":null,"contributors_enabled":false,"is_translator":false,"profile_background_color":"000000","profile_background_image_url":"http:\/\/abs.twimg.com\/images\/themes\/theme1\/bg.png","profile_background_image_url_https":"https:\/\/abs.twimg.com\/images\/themes\/theme1\/bg.png","profile_background_tile":false,"profile_link_color":"F58EA8","profile_sidebar_border_color":"000000","profile_sidebar_fill_color":"000000","profile_text_color":"000000","profile_use_background_image":false,"profile_image_url":"http:\/\/pbs.twimg.com\/profile_images\/1220493447112679424\/gcBiG2Oz_normal.jpg","profile_image_url_https":"https:\/\/pbs.twimg.com\/profile_images\/1220493447112679424\/gcBiG2Oz_normal.jpg","profile_banner_url":"https:\/\/pbs.twimg.com\/profile_banners\/804957490299310080\/1584834165","default_profile":false,"default_profile_image":false,"following":null,"follow_request_sent":null,"notifications":null},"geo":null,"coordinates":null,"place":null,"contributors":null,"is_quote_status":false,"quote_count":0,"reply_count":6,"retweet_count":35,"favorite_count":373,"entities":{"hashtags":[],"urls":[],"user_mentions":[],"symbols":[],"media":[{"id":1240817050760732672,"id_str":"1240817050760732672","indices":[17,40],"media_url":"http:\/\/pbs.twimg.com\/media\/EThEiJXXYAAXD74.jpg","media_url_https":"https:\/\/pbs.twimg.com\/media\/EThEiJXXYAAXD74.jpg","url":"https:\/\/t.co\/TW53eGu4VR","display_url":"pic.twitter.com\/TW53eGu4VR","expanded_url":"https:\/\/twitter.com\/Pillow_boi\/status\/1240817181568499712\/photo\/1","type":"photo","sizes":{"thumb":{"w":150,"h":150,"resize":"crop"},"small":{"w":600,"h":680,"resize":"fit"},"large":{"w":1144,"h":1296,"resize":"fit"},"medium":{"w":1059,"h":1200,"resize":"fit"}}}]},"extended_entities":{"media":[{"id":1240817050760732672,"id_str":"1240817050760732672","indices":[17,40],"media_url":"http:\/\/pbs.twimg.com\/media\/EThEiJXXYAAXD74.jpg","media_url_https":"https:\/\/pbs.twimg.com\/media\/EThEiJXXYAAXD74.jpg","url":"https:\/\/t.co\/TW53eGu4VR","display_url":"pic.twitter.com\/TW53eGu4VR","expanded_url":"https:\/\/twitter.com\/Pillow_boi\/status\/1240817181568499712\/photo\/1","type":"photo","sizes":{"thumb":{"w":150,"h":150,"resize":"crop"},"small":{"w":600,"h":680,"resize":"fit"},"large":{"w":1144,"h":1296,"resize":"fit"},"medium":{"w":1059,"h":1200,"resize":"fit"}}}]},"favorited":false,"retweeted":false,"possibly_sensitive":false,"filter_level":"low","lang":"en"},"is_quote_status":false,"quote_count":0,"reply_count":0,"retweet_count":0,"favorite_count":0,"entities":{"hashtags":[],"urls":[],"user_mentions":[{"screen_name":"Pillow_boi","name":"Polochon @ dmcl tea time \ud83c\udf75","id":804957490299310080,"id_str":"804957490299310080","indices":[3,14]}],"symbols":[],"media":[{"id":1240817050760732672,"id_str":"1240817050760732672","indices":[33,56],"media_url":"http:\/\/pbs.twimg.com\/media\/EThEiJXXYAAXD74.jpg","media_url_https":"https:\/\/pbs.twimg.com\/media\/EThEiJXXYAAXD74.jpg","url":"https:\/\/t.co\/TW53eGu4VR","display_url":"pic.twitter.com\/TW53eGu4VR","expanded_url":"https:\/\/twitter.com\/Pillow_boi\/status\/1240817181568499712\/photo\/1","type":"photo","sizes":{"thumb":{"w":150,"h":150,"resize":"crop"},"small":{"w":600,"h":680,"resize":"fit"},"large":{"w":1144,"h":1296,"resize":"fit"},"medium":{"w":1059,"h":1200,"resize":"fit"}},"source_status_id":1240817181568499712,"source_status_id_str":"1240817181568499712","source_user_id":804957490299310080,"source_user_id_str":"804957490299310080"}]},"extended_entities":{"media":[{"id":1240817050760732672,"id_str":"1240817050760732672","indices":[33,56],"media_url":"http:\/\/pbs.twimg.com\/media\/EThEiJXXYAAXD74.jpg","media_url_https":"https:\/\/pbs.twimg.com\/media\/EThEiJXXYAAXD74.jpg","url":"https:\/\/t.co\/TW53eGu4VR","display_url":"pic.twitter.com\/TW53eGu4VR","expanded_url":"https:\/\/twitter.com\/Pillow_boi\/status\/1240817181568499712\/photo\/1","type":"photo","sizes":{"thumb":{"w":150,"h":150,"resize":"crop"},"small":{"w":600,"h":680,"resize":"fit"},"large":{"w":1144,"h":1296,"resize":"fit"},"medium":{"w":1059,"h":1200,"resize":"fit"}},"source_status_id":1240817181568499712,"source_status_id_str":"1240817181568499712","source_user_id":804957490299310080,"source_user_id_str":"804957490299310080"}]},"favorited":false,"retweeted":false,"possibly_sensitive":false,"filter_level":"low","lang":"en","timestamp_ms":"1587090049820"}