{"created_at":"Fri Apr 17 02:20:49 +0000 2020","id":1250972455457312768,"id_str":"1250972455457312768","text":"RT @btsinluv777: HappY Birthday to Selena\nLove you forever\n\n#selenaquintanilla https:\/\/t.co\/Xy7nWyoeld","source":"\u003ca href=\"http:\/\/twitter.com\/download\/iphone\" rel=\"nofollow\"\u003eTwitter for iPhone\u003c\/a\u003e","truncated":false,"in_reply_to_status_id":null,"in_reply_to_status_id_str":null,"in_reply_to_user_id":null,"in_reply_to_user_id_str":null,"in_reply_to_screen_name":null,"user":{"id":301234247,"id_str":"301234247","name":"LC \u270d\ud83c\udffd","screen_name":"_larrri","location":null,"url":"http:\/\/jpublishing.cc","description":"Floating like a \ud83e\udd8b stinging like a \ud83d\udc1d #COLORBLIND #AdulteenOutNow","translator_type":"none","protected":false,"verified":false,"followers_count":336,"friends_count":249,"listed_count":5,"favourites_count":9343,"statuses_count":33775,"created_at":"Thu May 19 03:36:56 +0000 2011","utc_offset":null,"time_zone":null,"geo_enabled":true,"lang":null,"contributors_enabled":false,"is_translator":false,"profile_background_color":"C0DEED","profile_background_image_url":"http:\/\/abs.twimg.com\/images\/themes\/theme1\/bg.png","profile_background_image_url_https":"https:\/\/abs.twimg.com\/images\/themes\/theme1\/bg.png","profile_background_tile":true,"profile_link_color":"0084B4","profile_sidebar_border_color":"FFFFFF","profile_sidebar_fill_color":"DDEEF6","profile_text_color":"333333","profile_use_background_image":true,"profile_image_url":"http:\/\/pbs.twimg.com\/profile_images\/1063270692731244544\/-FvFXoIB_normal.jpg","profile_image_url_https":"https:\/\/pbs.twimg.com\/profile_images\/1063270692731244544\/-FvFXoIB_normal.jpg","profile_banner_url":"https:\/\/pbs.twimg.com\/profile_banners\/301234247\/1463687094","default_profile":false,"default_profile_image":false,"following":null,"follow_request_sent":null,"notifications":null},"geo":null,"coordinates":null,"place":null,"contributors":null,"retweeted_status":{"created_at":"Fri Apr 17 00:52:53 +0000 2020","id":1250950323574890496,"id_str":"1250950323574890496","text":"HappY Birthday to Selena\nLove you forever\n\n#selenaquintanilla https:\/\/t.co\/Xy7nWyoeld","display_text_range":[0,61],"source":"\u003ca href=\"http:\/\/twitter.com\/download\/android\" rel=\"nofollow\"\u003eTwitter for Android\u003c\/a\u003e","truncated":false,"in_reply_to_status_id":null,"in_reply_to_status_id_str":null,"in_reply_to_user_id":null,"in_reply_to_user_id_str":null,"in_reply_to_screen_name":null,"user":{"id":4581804802,"id_str":"4581804802","name":"girlinluv","screen_name":"btsinluv777","location":null,"url":null,"description":"@BTS_twt\n11\/19\/2017\n09\/15\/2018 LY CONCERT","translator_type":"none","protected":false,"verified":false,"followers_count":1483,"friends_count":3445,"listed_count":4,"favourites_count":8026,"statuses_count":4678,"created_at":"Wed Dec 23 19:56:29 +0000 2015","utc_offset":null,"time_zone":null,"geo_enabled":false,"lang":null,"contributors_enabled":false,"is_translator":false,"profile_background_color":"F5F8FA","profile_background_image_url":"","profile_background_image_url_https":"","profile_background_tile":false,"profile_link_color":"1DA1F2","profile_sidebar_border_color":"C0DEED","profile_sidebar_fill_color":"DDEEF6","profile_text_color":"333333","profile_use_background_image":true,"profile_image_url":"http:\/\/pbs.twimg.com\/profile_images\/1245409745583984642\/Lj3UojpC_normal.jpg","profile_image_url_https":"https:\/\/pbs.twimg.com\/profile_images\/1245409745583984642\/Lj3UojpC_normal.jpg","profile_banner_url":"https:\/\/pbs.twimg.com\/profile_banners\/4581804802\/1585763796","default_profile":true,"default_profile_image":false,"following":null,"follow_request_sent":null,"notifications":null},"geo":null,"coordinates":null,"place":null,"contributors":null,"is_quote_status":false,"quote_count":0,"reply_count":0,"retweet_count":1,"favorite_count":4,"entities":{"hashtags":[{"text":"selenaquintanilla","indices":[43,61]}],"urls":[],"user_mentions":[],"symbols":[],"media":[{"id":1250950204368605184,"id_str":"1250950204368605184","indices":[62,85],"additional_media_info":{"monetizable":false},"media_url":"http:\/\/pbs.twimg.com\/ext_tw_video_thumb\/1250950204368605184\/pu\/img\/agwUStRkvCCTKDa4.jpg","media_url_https":"https:\/\/pbs.twimg.com\/ext_tw_video_thumb\/1250950204368605184\/pu\/img\/agwUStRkvCCTKDa4.jpg","url":"https:\/\/t.co\/Xy7nWyoeld","display_url":"pic.twitter.com\/Xy7nWyoeld","expanded_url":"https:\/\/twitter.com\/btsinluv777\/status\/1250950323574890496\/video\/1","type":"photo","sizes":{"medium":{"w":640,"h":640,"resize":"fit"},"thumb":{"w":150,"h":150,"resize":"crop"},"large":{"w":640,"h":640,"resize":"fit"},"small":{"w":640,"h":640,"resize":"fit"}}}]},"extended_entities":{"media":[{"id":1250950204368605184,"id_str":"1250950204368605184","indices":[62,85],"additional_media_info":{"monetizable":false},"media_url":"http:\/\/pbs.twimg.com\/ext_tw_video_thumb\/1250950204368605184\/pu\/img\/agwUStRkvCCTKDa4.jpg","media_url_https":"https:\/\/pbs.twimg.com\/ext_tw_video_thumb\/1250950204368605184\/pu\/img\/agwUStRkvCCTKDa4.jpg","url":"https:\/\/t.co\/Xy7nWyoeld","display_url":"pic.twitter.com\/Xy7nWyoeld","expanded_url":"https:\/\/twitter.com\/btsinluv777\/status\/1250950323574890496\/video\/1","type":"video","video_info":{"aspect_ratio":[1,1],"duration_millis":42609,"variants":[{"bitrate":832000,"content_type":"video\/mp4","url":"https:\/\/video.twimg.com\/ext_tw_video\/1250950204368605184\/pu\/vid\/480x480\/tCXkv3pseXJALxIV.mp4?tag=10"},{"content_type":"application\/x-mpegURL","url":"https:\/\/video.twimg.com\/ext_tw_video\/1250950204368605184\/pu\/pl\/8IokVJOOOoN4Qdg3.m3u8?tag=10"},{"bitrate":432000,"content_type":"video\/mp4","url":"https:\/\/video.twimg.com\/ext_tw_video\/1250950204368605184\/pu\/vid\/320x320\/YMiXGVERm6OifkKF.mp4?tag=10"},{"bitrate":1280000,"content_type":"video\/mp4","url":"https:\/\/video.twimg.com\/ext_tw_video\/1250950204368605184\/pu\/vid\/640x640\/9KaBoFO0Sl-UjQE_.mp4?tag=10"}]},"sizes":{"medium":{"w":640,"h":640,"resize":"fit"},"thumb":{"w":150,"h":150,"resize":"crop"},"large":{"w":640,"h":640,"resize":"fit"},"small":{"w":640,"h":640,"resize":"fit"}}}]},"favorited":false,"retweeted":false,"possibly_sensitive":false,"filter_level":"low","lang":"en"},"is_quote_status":false,"quote_count":0,"reply_count":0,"retweet_count":0,"favorite_count":0,"entities":{"hashtags":[{"text":"selenaquintanilla","indices":[60,78]}],"urls":[],"user_mentions":[{"screen_name":"btsinluv777","name":"girlinluv","id":4581804802,"id_str":"4581804802","indices":[3,15]}],"symbols":[],"media":[{"id":1250950204368605184,"id_str":"1250950204368605184","indices":[79,102],"additional_media_info":{"monetizable":false},"media_url":"http:\/\/pbs.twimg.com\/ext_tw_video_thumb\/1250950204368605184\/pu\/img\/agwUStRkvCCTKDa4.jpg","media_url_https":"https:\/\/pbs.twimg.com\/ext_tw_video_thumb\/1250950204368605184\/pu\/img\/agwUStRkvCCTKDa4.jpg","url":"https:\/\/t.co\/Xy7nWyoeld","display_url":"pic.twitter.com\/Xy7nWyoeld","expanded_url":"https:\/\/twitter.com\/btsinluv777\/status\/1250950323574890496\/video\/1","type":"photo","sizes":{"medium":{"w":640,"h":640,"resize":"fit"},"thumb":{"w":150,"h":150,"resize":"crop"},"large":{"w":640,"h":640,"resize":"fit"},"small":{"w":640,"h":640,"resize":"fit"}},"source_status_id":1250950323574890496,"source_status_id_str":"1250950323574890496","source_user_id":4581804802,"source_user_id_str":"4581804802"}]},"extended_entities":{"media":[{"id":1250950204368605184,"id_str":"1250950204368605184","indices":[79,102],"additional_media_info":{"monetizable":false},"media_url":"http:\/\/pbs.twimg.com\/ext_tw_video_thumb\/1250950204368605184\/pu\/img\/agwUStRkvCCTKDa4.jpg","media_url_https":"https:\/\/pbs.twimg.com\/ext_tw_video_thumb\/1250950204368605184\/pu\/img\/agwUStRkvCCTKDa4.jpg","url":"https:\/\/t.co\/Xy7nWyoeld","display_url":"pic.twitter.com\/Xy7nWyoeld","expanded_url":"https:\/\/twitter.com\/btsinluv777\/status\/1250950323574890496\/video\/1","type":"video","video_info":{"aspect_ratio":[1,1],"duration_millis":42609,"variants":[{"bitrate":832000,"content_type":"video\/mp4","url":"https:\/\/video.twimg.com\/ext_tw_video\/1250950204368605184\/pu\/vid\/480x480\/tCXkv3pseXJALxIV.mp4?tag=10"},{"content_type":"application\/x-mpegURL","url":"https:\/\/video.twimg.com\/ext_tw_video\/1250950204368605184\/pu\/pl\/8IokVJOOOoN4Qdg3.m3u8?tag=10"},{"bitrate":432000,"content_type":"video\/mp4","url":"https:\/\/video.twimg.com\/ext_tw_video\/1250950204368605184\/pu\/vid\/320x320\/YMiXGVERm6OifkKF.mp4?tag=10"},{"bitrate":1280000,"content_type":"video\/mp4","url":"https:\/\/video.twimg.com\/ext_tw_video\/1250950204368605184\/pu\/vid\/640x640\/9KaBoFO0Sl-UjQE_.mp4?tag=10"}]},"sizes":{"medium":{"w":640,"h":640,"resize":"fit"},"thumb":{"w":150,"h":150,"resize":"crop"},"large":{"w":640,"h":640,"resize":"fit"},"small":{"w":640,"h":640,"resize":"fit"}},"source_status_id":1250950323574890496,"source_status_id_str":"1250950323574890496","source_user_id":4581804802,"source_user_id_str":"4581804802"}]},"favorited":false,"retweeted":false,"possibly_sensitive":false,"filter_level":"low","lang":"en","timestamp_ms":"1587090049982"}