{"created_at":"Fri Apr 17 02:20:49 +0000 2020","id":1250972453440028674,"id_str":"1250972453440028674","text":"RT @mj_thomas10: Thank you for the love\ud83e\udde1#21skyhawks @CoachHowardUTM @jay_macintyre11 @BucsRecruiting @coach_fuqua https:\/\/t.co\/DPIREDYfZY","source":"\u003ca href=\"http:\/\/twitter.com\/download\/iphone\" rel=\"nofollow\"\u003eTwitter for iPhone\u003c\/a\u003e","truncated":false,"in_reply_to_status_id":null,"in_reply_to_status_id_str":null,"in_reply_to_user_id":null,"in_reply_to_user_id_str":null,"in_reply_to_screen_name":null,"user":{"id":286965516,"id_str":"286965516","name":"Hoover Bucs","screen_name":"HooverAthletics","location":"Hoover, AL","url":"http:\/\/www.hooverhighathletics.com","description":"The official Hoover High School Athletic Dept. website for daily team updates. http:\/\/sideline.bsnsports.com\/schools\/alabama\/hoover\/hoover-high-school","translator_type":"none","protected":false,"verified":false,"followers_count":6968,"friends_count":2765,"listed_count":68,"favourites_count":4634,"statuses_count":42500,"created_at":"Sun Apr 24 02:08:33 +0000 2011","utc_offset":null,"time_zone":null,"geo_enabled":true,"lang":null,"contributors_enabled":false,"is_translator":false,"profile_background_color":"131516","profile_background_image_url":"http:\/\/abs.twimg.com\/images\/themes\/theme14\/bg.gif","profile_background_image_url_https":"https:\/\/abs.twimg.com\/images\/themes\/theme14\/bg.gif","profile_background_tile":true,"profile_link_color":"FA743E","profile_sidebar_border_color":"EEEEEE","profile_sidebar_fill_color":"EFEFEF","profile_text_color":"333333","profile_use_background_image":true,"profile_image_url":"http:\/\/pbs.twimg.com\/profile_images\/1032607701803704320\/DJoYh9Wy_normal.jpg","profile_image_url_https":"https:\/\/pbs.twimg.com\/profile_images\/1032607701803704320\/DJoYh9Wy_normal.jpg","profile_banner_url":"https:\/\/pbs.twimg.com\/profile_banners\/286965516\/1535027548","default_profile":false,"default_profile_image":false,"following":null,"follow_request_sent":null,"notifications":null},"geo":null,"coordinates":null,"place":null,"contributors":null,"retweeted_status":{"created_at":"Thu Apr 16 15:38:25 +0000 2020","id":1250810786169192449,"id_str":"1250810786169192449","text":"Thank you for the love\ud83e\udde1#21skyhawks @CoachHowardUTM @jay_macintyre11 @BucsRecruiting @coach_fuqua https:\/\/t.co\/DPIREDYfZY","display_text_range":[0,96],"source":"\u003ca href=\"http:\/\/twitter.com\/download\/iphone\" rel=\"nofollow\"\u003eTwitter for iPhone\u003c\/a\u003e","truncated":false,"in_reply_to_status_id":null,"in_reply_to_status_id_str":null,"in_reply_to_user_id":null,"in_reply_to_user_id_str":null,"in_reply_to_screen_name":null,"user":{"id":957480882192953344,"id_str":"957480882192953344","name":"Malik Thomas\u203c\ufe0f","screen_name":"mj_thomas10","location":"Hoover, AL","url":"http:\/\/www.hudl.com\/profile\/10978970","description":"2021 \/ WR \/ 6\u20193'' \/ 200 lbs \/ Hoover High \/ 3.2 GPA","translator_type":"none","protected":false,"verified":false,"followers_count":516,"friends_count":412,"listed_count":3,"favourites_count":3276,"statuses_count":267,"created_at":"Sun Jan 28 05:10:06 +0000 2018","utc_offset":null,"time_zone":null,"geo_enabled":true,"lang":null,"contributors_enabled":false,"is_translator":false,"profile_background_color":"F5F8FA","profile_background_image_url":"","profile_background_image_url_https":"","profile_background_tile":false,"profile_link_color":"1DA1F2","profile_sidebar_border_color":"C0DEED","profile_sidebar_fill_color":"DDEEF6","profile_text_color":"333333","profile_use_background_image":true,"profile_image_url":"http:\/\/pbs.twimg.com\/profile_images\/1169088814272393218\/ceDxsKIK_normal.jpg","profile_image_url_https":"https:\/\/pbs.twimg.com\/profile_images\/1169088814272393218\/ceDxsKIK_normal.jpg","profile_banner_url":"https:\/\/pbs.twimg.com\/profile_banners\/957480882192953344\/1567567553","default_profile":true,"default_profile_image":false,"following":null,"follow_request_sent":null,"notifications":null},"geo":null,"coordinates":null,"place":{"id":"288de3df481163e8","url":"https:\/\/api.twitter.com\/1.1\/geo\/id\/288de3df481163e8.json","place_type":"admin","name":"Alabama","full_name":"Alabama, USA","country_code":"US","country":"United States","bounding_box":{"type":"Polygon","coordinates":[[[-88.473228,30.144425],[-88.473228,35.008029],[-84.888247,35.008029],[-84.888247,30.144425]]]},"attributes":{}},"contributors":null,"is_quote_status":false,"quote_count":0,"reply_count":0,"retweet_count":2,"favorite_count":11,"entities":{"hashtags":[{"text":"21skyhawks","indices":[23,34]}],"urls":[],"user_mentions":[{"screen_name":"CoachHowardUTM","name":"Devonte Howard","id":277799908,"id_str":"277799908","indices":[35,50]},{"screen_name":"jay_macintyre11","name":"Jay MacIntyre","id":278343081,"id_str":"278343081","indices":[51,67]},{"screen_name":"BucsRecruiting","name":"Hoover Recruiting","id":719646900958400513,"id_str":"719646900958400513","indices":[68,83]},{"screen_name":"coach_fuqua","name":"Durrell Fuqua","id":390382492,"id_str":"390382492","indices":[84,96]}],"symbols":[],"media":[{"id":1250810727222427648,"id_str":"1250810727222427648","indices":[97,120],"media_url":"http:\/\/pbs.twimg.com\/media\/EVvFurVXQAABL8t.jpg","media_url_https":"https:\/\/pbs.twimg.com\/media\/EVvFurVXQAABL8t.jpg","url":"https:\/\/t.co\/DPIREDYfZY","display_url":"pic.twitter.com\/DPIREDYfZY","expanded_url":"https:\/\/twitter.com\/mj_thomas10\/status\/1250810786169192449\/photo\/1","type":"photo","sizes":{"thumb":{"w":150,"h":150,"resize":"crop"},"medium":{"w":576,"h":1024,"resize":"fit"},"large":{"w":576,"h":1024,"resize":"fit"},"small":{"w":383,"h":680,"resize":"fit"}}}]},"extended_entities":{"media":[{"id":1250810727222427648,"id_str":"1250810727222427648","indices":[97,120],"media_url":"http:\/\/pbs.twimg.com\/media\/EVvFurVXQAABL8t.jpg","media_url_https":"https:\/\/pbs.twimg.com\/media\/EVvFurVXQAABL8t.jpg","url":"https:\/\/t.co\/DPIREDYfZY","display_url":"pic.twitter.com\/DPIREDYfZY","expanded_url":"https:\/\/twitter.com\/mj_thomas10\/status\/1250810786169192449\/photo\/1","type":"photo","sizes":{"thumb":{"w":150,"h":150,"resize":"crop"},"medium":{"w":576,"h":1024,"resize":"fit"},"large":{"w":576,"h":1024,"resize":"fit"},"small":{"w":383,"h":680,"resize":"fit"}}}]},"favorited":false,"retweeted":false,"possibly_sensitive":false,"filter_level":"low","lang":"en"},"is_quote_status":false,"quote_count":0,"reply_count":0,"retweet_count":0,"favorite_count":0,"entities":{"hashtags":[{"text":"21skyhawks","indices":[40,51]}],"urls":[],"user_mentions":[{"screen_name":"mj_thomas10","name":"Malik Thomas\u203c\ufe0f","id":957480882192953344,"id_str":"957480882192953344","indices":[3,15]},{"screen_name":"CoachHowardUTM","name":"Devonte Howard","id":277799908,"id_str":"277799908","indices":[52,67]},{"screen_name":"jay_macintyre11","name":"Jay MacIntyre","id":278343081,"id_str":"278343081","indices":[68,84]},{"screen_name":"BucsRecruiting","name":"Hoover Recruiting","id":719646900958400513,"id_str":"719646900958400513","indices":[85,100]},{"screen_name":"coach_fuqua","name":"Durrell Fuqua","id":390382492,"id_str":"390382492","indices":[101,113]}],"symbols":[],"media":[{"id":1250810727222427648,"id_str":"1250810727222427648","indices":[114,137],"media_url":"http:\/\/pbs.twimg.com\/media\/EVvFurVXQAABL8t.jpg","media_url_https":"https:\/\/pbs.twimg.com\/media\/EVvFurVXQAABL8t.jpg","url":"https:\/\/t.co\/DPIREDYfZY","display_url":"pic.twitter.com\/DPIREDYfZY","expanded_url":"https:\/\/twitter.com\/mj_thomas10\/status\/1250810786169192449\/photo\/1","type":"photo","sizes":{"thumb":{"w":150,"h":150,"resize":"crop"},"medium":{"w":576,"h":1024,"resize":"fit"},"large":{"w":576,"h":1024,"resize":"fit"},"small":{"w":383,"h":680,"resize":"fit"}},"source_status_id":1250810786169192449,"source_status_id_str":"1250810786169192449","source_user_id":957480882192953344,"source_user_id_str":"957480882192953344"}]},"extended_entities":{"media":[{"id":1250810727222427648,"id_str":"1250810727222427648","indices":[114,137],"media_url":"http:\/\/pbs.twimg.com\/media\/EVvFurVXQAABL8t.jpg","media_url_https":"https:\/\/pbs.twimg.com\/media\/EVvFurVXQAABL8t.jpg","url":"https:\/\/t.co\/DPIREDYfZY","display_url":"pic.twitter.com\/DPIREDYfZY","expanded_url":"https:\/\/twitter.com\/mj_thomas10\/status\/1250810786169192449\/photo\/1","type":"photo","sizes":{"thumb":{"w":150,"h":150,"resize":"crop"},"medium":{"w":576,"h":1024,"resize":"fit"},"large":{"w":576,"h":1024,"resize":"fit"},"small":{"w":383,"h":680,"resize":"fit"}},"source_status_id":1250810786169192449,"source_status_id_str":"1250810786169192449","source_user_id":957480882192953344,"source_user_id_str":"957480882192953344"}]},"favorited":false,"retweeted":false,"possibly_sensitive":false,"filter_level":"low","lang":"en","timestamp_ms":"1587090049501"}