{"created_at":"Fri Apr 17 02:20:49 +0000 2020","id":1250972455348260864,"id_str":"1250972455348260864","text":"I think they are both banking on their \u201ctell all\u201d books next year.","source":"\u003ca href=\"http:\/\/twitter.com\/download\/iphone\" rel=\"nofollow\"\u003eTwitter for iPhone\u003c\/a\u003e","truncated":false,"in_reply_to_status_id":null,"in_reply_to_status_id_str":null,"in_reply_to_user_id":null,"in_reply_to_user_id_str":null,"in_reply_to_screen_name":null,"user":{"id":560594076,"id_str":"560594076","name":"Michael Springer","screen_name":"mspringer55","location":"Missouri USA","url":null,"description":null,"translator_type":"none","protected":false,"verified":false,"followers_count":143,"friends_count":433,"listed_count":0,"favourites_count":30952,"statuses_count":4271,"created_at":"Sun Apr 22 18:52:36 +0000 2012","utc_offset":null,"time_zone":null,"geo_enabled":false,"lang":null,"contributors_enabled":false,"is_translator":false,"profile_background_color":"022330","profile_background_image_url":"http:\/\/abs.twimg.com\/images\/themes\/theme15\/bg.png","profile_background_image_url_https":"https:\/\/abs.twimg.com\/images\/themes\/theme15\/bg.png","profile_background_tile":false,"profile_link_color":"0084B4","profile_sidebar_border_color":"A8C7F7","profile_sidebar_fill_color":"C0DFEC","profile_text_color":"333333","profile_use_background_image":true,"profile_image_url":"http:\/\/pbs.twimg.com\/profile_images\/2157120050\/image_normal.jpg","profile_image_url_https":"https:\/\/pbs.twimg.com\/profile_images\/2157120050\/image_normal.jpg","default_profile":false,"default_profile_image":false,"following":null,"follow_request_sent":null,"notifications":null},"geo":null,"coordinates":null,"place":null,"contributors":null,"quoted_status_id":1250904125644177410,"quoted_status_id_str":"1250904125644177410","quoted_status":{"created_at":"Thu Apr 16 21:49:18 +0000 2020","id":1250904125644177410,"id_str":"1250904125644177410","text":"Trump Aide Kellyanne Conway's Husband Endorses Joe Biden in 2020 Presidential Race \n\nGeorge is a hoot. I would love\u2026 https:\/\/t.co\/pKpBY2BVzc","source":"\u003ca href=\"https:\/\/buffer.com\" rel=\"nofollow\"\u003eBuffer\u003c\/a\u003e","truncated":true,"in_reply_to_status_id":null,"in_reply_to_status_id_str":null,"in_reply_to_user_id":null,"in_reply_to_user_id_str":null,"in_reply_to_screen_name":null,"user":{"id":1216789842,"id_str":"1216789842","name":"\ud83d\udd95\ud83c\udffbAunt Crabby calls Bullshit \ud83d\udd95\ud83c\udffb","screen_name":"DearAuntCrabby","location":"The Home, FL","url":null,"description":"Trump is a racist, misogynistic, xenophobic, homophobic asswipe who should have never been elected. I will follow back if requested #FollowMeBackAuntie","translator_type":"none","protected":false,"verified":false,"followers_count":252968,"friends_count":28503,"listed_count":1340,"favourites_count":94666,"statuses_count":103675,"created_at":"Sun Feb 24 23:32:58 +0000 2013","utc_offset":null,"time_zone":null,"geo_enabled":false,"lang":null,"contributors_enabled":false,"is_translator":false,"profile_background_color":"C0DEED","profile_background_image_url":"http:\/\/abs.twimg.com\/images\/themes\/theme1\/bg.png","profile_background_image_url_https":"https:\/\/abs.twimg.com\/images\/themes\/theme1\/bg.png","profile_background_tile":false,"profile_link_color":"1DA1F2","profile_sidebar_border_color":"C0DEED","profile_sidebar_fill_color":"DDEEF6","profile_text_color":"333333","profile_use_background_image":true,"profile_image_url":"http:\/\/pbs.twimg.com\/profile_images\/942206825025490944\/1hIJzOWv_normal.jpg","profile_image_url_https":"https:\/\/pbs.twimg.com\/profile_images\/942206825025490944\/1hIJzOWv_normal.jpg","profile_banner_url":"https:\/\/pbs.twimg.com\/profile_banners\/1216789842\/1521898692","default_profile":true,"default_profile_image":false,"following":null,"follow_request_sent":null,"notifications":null},"geo":null,"coordinates":null,"place":null,"contributors":null,"is_quote_status":false,"extended_tweet":{"full_text":"Trump Aide Kellyanne Conway's Husband Endorses Joe Biden in 2020 Presidential Race \n\nGeorge is a hoot. I would love to be a fly on the wall at their house!\n\nhttps:\/\/t.co\/quHvqvCe12","display_text_range":[0,180],"entities":{"hashtags":[],"urls":[{"url":"https:\/\/t.co\/quHvqvCe12","expanded_url":"https:\/\/people.com\/politics\/kellyanne-conway-husband-george-supports-joe-biden\/?utm_campaign=peoplemag&utm_medium=social&xid=socialflow_facebook_peoplemag&utm_source=facebook.com&fbclid=IwAR2eVw9i7mL46eP4FXHRbYCQWB5_KkrDXqSz-dyub9hG092wWZ4jK_6a7Pc","display_url":"people.com\/politics\/kelly\u2026","indices":[157,180]}],"user_mentions":[],"symbols":[]}},"quote_count":44,"reply_count":172,"retweet_count":1065,"favorite_count":4485,"entities":{"hashtags":[],"urls":[{"url":"https:\/\/t.co\/pKpBY2BVzc","expanded_url":"https:\/\/twitter.com\/i\/web\/status\/1250904125644177410","display_url":"twitter.com\/i\/web\/status\/1\u2026","indices":[117,140]}],"user_mentions":[],"symbols":[]},"favorited":false,"retweeted":false,"possibly_sensitive":false,"filter_level":"low","lang":"en"},"quoted_status_permalink":{"url":"https:\/\/t.co\/vokj3Rxk6J","expanded":"https:\/\/twitter.com\/dearauntcrabby\/status\/1250904125644177410","display":"twitter.com\/dearauntcrabby\u2026"},"is_quote_status":true,"quote_count":0,"reply_count":0,"retweet_count":0,"favorite_count":0,"entities":{"hashtags":[],"urls":[],"user_mentions":[],"symbols":[]},"favorited":false,"retweeted":false,"filter_level":"low","lang":"en","timestamp_ms":"1587090049956"}