{"created_at":"Fri Apr 17 02:20:49 +0000 2020","id":1250972454974980102,"id_str":"1250972454974980102","text":"@souhitmenfess First love gw soobin \ud83e\udd70","display_text_range":[15,37],"source":"\u003ca href=\"http:\/\/twitter.com\/download\/android\" rel=\"nofollow\"\u003eTwitter for Android\u003c\/a\u003e","truncated":false,"in_reply_to_status_id":1250792347383681025,"in_reply_to_status_id_str":"1250792347383681025","in_reply_to_user_id":1158696670374199302,"in_reply_to_user_id_str":"1158696670374199302","in_reply_to_screen_name":"souhitmenfess","user":{"id":1142453530260676609,"id_str":"1142453530260676609","name":"dian\u2075\ud83d\udc30\ud83d\udc3b","screen_name":"Beomkie1","location":null,"url":null,"description":"TXT\u2764MOA\n\n \ud83d\udc9e04-03-19\ud83d\udc9e\n\n\n\n\n\n\n\nDon't get sick, have a beautiful dream today! - Beomgyu\ud83c\udf30","translator_type":"none","protected":false,"verified":false,"followers_count":1089,"friends_count":1043,"listed_count":16,"favourites_count":53538,"statuses_count":54270,"created_at":"Sat Jun 22 15:25:22 +0000 2019","utc_offset":null,"time_zone":null,"geo_enabled":true,"lang":null,"contributors_enabled":false,"is_translator":false,"profile_background_color":"F5F8FA","profile_background_image_url":"","profile_background_image_url_https":"","profile_background_tile":false,"profile_link_color":"1DA1F2","profile_sidebar_border_color":"C0DEED","profile_sidebar_fill_color":"DDEEF6","profile_text_color":"333333","profile_use_background_image":true,"profile_image_url":"http:\/\/pbs.twimg.com\/profile_images\/1250387754791231488\/yMsrPY6Q_normal.jpg","profile_image_url_https":"https:\/\/pbs.twimg.com\/profile_images\/1250387754791231488\/yMsrPY6Q_normal.jpg","profile_banner_url":"https:\/\/pbs.twimg.com\/profile_banners\/1142453530260676609\/1586920670","default_profile":true,"default_profile_image":false,"following":null,"follow_request_sent":null,"notifications":null},"geo":null,"coordinates":null,"place":null,"contributors":null,"is_quote_status":false,"quote_count":0,"reply_count":0,"retweet_count":0,"favorite_count":0,"entities":{"hashtags":[],"urls":[],"user_mentions":[{"screen_name":"souhitmenfess","name":"\/sh\/","id":1158696670374199302,"id_str":"1158696670374199302","indices":[0,14]}],"symbols":[]},"favorited":false,"retweeted":false,"filter_level":"low","lang":"en","timestamp_ms":"1587090049867"}