{"created_at":"Fri Apr 17 02:20:49 +0000 2020","id":1250972454823948288,"id_str":"1250972454823948288","text":"RT @ArianaToday: Full video: @ArianaGrande covers \"I Won't Say I'm In Love\" from Hercules on the #DisneyFamilySingalong\u00a0https:\/\/t.co\/kBnTlv\u2026","source":"\u003ca href=\"http:\/\/twitter.com\/download\/iphone\" rel=\"nofollow\"\u003eTwitter for iPhone\u003c\/a\u003e","truncated":false,"in_reply_to_status_id":null,"in_reply_to_status_id_str":null,"in_reply_to_user_id":null,"in_reply_to_user_id_str":null,"in_reply_to_screen_name":null,"user":{"id":167178368,"id_str":"167178368","name":"lil lemon drop \ud83c\udf4b","screen_name":"kthnsbno","location":"fiveanddime","url":null,"description":null,"translator_type":"none","protected":false,"verified":false,"followers_count":373,"friends_count":278,"listed_count":6,"favourites_count":11504,"statuses_count":20291,"created_at":"Thu Jul 15 23:20:02 +0000 2010","utc_offset":null,"time_zone":null,"geo_enabled":true,"lang":null,"contributors_enabled":false,"is_translator":false,"profile_background_color":"C0DEED","profile_background_image_url":"http:\/\/abs.twimg.com\/images\/themes\/theme1\/bg.png","profile_background_image_url_https":"https:\/\/abs.twimg.com\/images\/themes\/theme1\/bg.png","profile_background_tile":true,"profile_link_color":"1B95E0","profile_sidebar_border_color":"C0DEED","profile_sidebar_fill_color":"DDEEF6","profile_text_color":"333333","profile_use_background_image":true,"profile_image_url":"http:\/\/pbs.twimg.com\/profile_images\/1155685677431791621\/7S8S5l3W_normal.jpg","profile_image_url_https":"https:\/\/pbs.twimg.com\/profile_images\/1155685677431791621\/7S8S5l3W_normal.jpg","profile_banner_url":"https:\/\/pbs.twimg.com\/profile_banners\/167178368\/1564371912","default_profile":false,"default_profile_image":false,"following":null,"follow_request_sent":null,"notifications":null},"geo":null,"coordinates":null,"place":null,"contributors":null,"retweeted_status":{"created_at":"Fri Apr 17 00:46:38 +0000 2020","id":1250948751818096641,"id_str":"1250948751818096641","text":"Full video: @ArianaGrande covers \"I Won't Say I'm In Love\" from Hercules on the #DisneyFamilySingalong\u00a0https:\/\/t.co\/kBnTlvuDIk","source":"\u003ca href=\"http:\/\/twitter.com\/download\/iphone\" rel=\"nofollow\"\u003eTwitter for iPhone\u003c\/a\u003e","truncated":false,"in_reply_to_status_id":null,"in_reply_to_status_id_str":null,"in_reply_to_user_id":null,"in_reply_to_user_id_str":null,"in_reply_to_screen_name":null,"user":{"id":1703320855,"id_str":"1703320855","name":"Ariana Grande Today","screen_name":"ArianaToday","location":"arianatodaynet@gmail.com","url":"http:\/\/arianatoday.net","description":"Your ultimate fan-source for the latest @ArianaGrande news. Since 2013. | The album #ThankUNext out now! \u2192 http:\/\/arianagrande.lnk.to\/tun","translator_type":"none","protected":false,"verified":false,"followers_count":351620,"friends_count":194,"listed_count":1305,"favourites_count":50273,"statuses_count":36719,"created_at":"Tue Aug 27 00:22:51 +0000 2013","utc_offset":null,"time_zone":null,"geo_enabled":false,"lang":null,"contributors_enabled":false,"is_translator":false,"profile_background_color":"515151","profile_background_image_url":"http:\/\/abs.twimg.com\/images\/themes\/theme1\/bg.png","profile_background_image_url_https":"https:\/\/abs.twimg.com\/images\/themes\/theme1\/bg.png","profile_background_tile":false,"profile_link_color":"A68D99","profile_sidebar_border_color":"000000","profile_sidebar_fill_color":"DDEEF6","profile_text_color":"333333","profile_use_background_image":true,"profile_image_url":"http:\/\/pbs.twimg.com\/profile_images\/1212160595547566082\/DjZF6W3N_normal.jpg","profile_image_url_https":"https:\/\/pbs.twimg.com\/profile_images\/1212160595547566082\/DjZF6W3N_normal.jpg","profile_banner_url":"https:\/\/pbs.twimg.com\/profile_banners\/1703320855\/1577836418","default_profile":false,"default_profile_image":false,"following":null,"follow_request_sent":null,"notifications":null},"geo":null,"coordinates":null,"place":null,"contributors":null,"is_quote_status":false,"quote_count":488,"reply_count":72,"retweet_count":1769,"favorite_count":5265,"entities":{"hashtags":[{"text":"DisneyFamilySingalong","indices":[80,102]}],"urls":[],"user_mentions":[{"screen_name":"ArianaGrande","name":"Ariana Grande","id":34507480,"id_str":"34507480","indices":[12,25]}],"symbols":[],"media":[{"id":1250947012591185920,"id_str":"1250947012591185920","indices":[103,126],"additional_media_info":{"title":"","description":"","embeddable":true,"monetizable":false},"media_url":"http:\/\/pbs.twimg.com\/amplify_video_thumb\/1250947012591185920\/img\/39laTvlSOHeFELuc.jpg","media_url_https":"https:\/\/pbs.twimg.com\/amplify_video_thumb\/1250947012591185920\/img\/39laTvlSOHeFELuc.jpg","url":"https:\/\/t.co\/kBnTlvuDIk","display_url":"pic.twitter.com\/kBnTlvuDIk","expanded_url":"https:\/\/twitter.com\/ABCNetwork\/status\/1250947968011657216\/video\/1","type":"photo","sizes":{"thumb":{"w":150,"h":150,"resize":"crop"},"medium":{"w":1200,"h":675,"resize":"fit"},"small":{"w":680,"h":383,"resize":"fit"},"large":{"w":1280,"h":720,"resize":"fit"}},"source_status_id":1250947968011657216,"source_status_id_str":"1250947968011657216","source_user_id":631478663,"source_user_id_str":"631478663"}]},"extended_entities":{"media":[{"id":1250947012591185920,"id_str":"1250947012591185920","indices":[103,126],"additional_media_info":{"title":"","description":"","embeddable":true,"monetizable":false},"media_url":"http:\/\/pbs.twimg.com\/amplify_video_thumb\/1250947012591185920\/img\/39laTvlSOHeFELuc.jpg","media_url_https":"https:\/\/pbs.twimg.com\/amplify_video_thumb\/1250947012591185920\/img\/39laTvlSOHeFELuc.jpg","url":"https:\/\/t.co\/kBnTlvuDIk","display_url":"pic.twitter.com\/kBnTlvuDIk","expanded_url":"https:\/\/twitter.com\/ABCNetwork\/status\/1250947968011657216\/video\/1","type":"video","video_info":{"aspect_ratio":[16,9],"duration_millis":137571,"variants":[{"bitrate":288000,"content_type":"video\/mp4","url":"https:\/\/video.twimg.com\/amplify_video\/1250947012591185920\/vid\/480x270\/n8jZk6HfSUqPz0b3.mp4?tag=13"},{"content_type":"application\/x-mpegURL","url":"https:\/\/video.twimg.com\/amplify_video\/1250947012591185920\/pl\/lXDTb7jctvhCnbiE.m3u8?tag=13"},{"bitrate":832000,"content_type":"video\/mp4","url":"https:\/\/video.twimg.com\/amplify_video\/1250947012591185920\/vid\/640x360\/EV8KBQ8liZ9WFtle.mp4?tag=13"},{"bitrate":2176000,"content_type":"video\/mp4","url":"https:\/\/video.twimg.com\/amplify_video\/1250947012591185920\/vid\/1280x720\/6RuhZVoXp-jpeVsp.mp4?tag=13"}]},"sizes":{"thumb":{"w":150,"h":150,"resize":"crop"},"medium":{"w":1200,"h":675,"resize":"fit"},"small":{"w":680,"h":383,"resize":"fit"},"large":{"w":1280,"h":720,"resize":"fit"}},"source_status_id":1250947968011657216,"source_status_id_str":"1250947968011657216","source_user_id":631478663,"source_user_id_str":"631478663"}]},"favorited":false,"retweeted":false,"possibly_sensitive":false,"filter_level":"low","lang":"en"},"is_quote_status":false,"quote_count":0,"reply_count":0,"retweet_count":0,"favorite_count":0,"entities":{"hashtags":[{"text":"DisneyFamilySingalong","indices":[97,119]}],"urls":[],"user_mentions":[{"screen_name":"ArianaToday","name":"Ariana Grande Today","id":1703320855,"id_str":"1703320855","indices":[3,15]},{"screen_name":"ArianaGrande","name":"Ariana Grande","id":34507480,"id_str":"34507480","indices":[29,42]}],"symbols":[]},"favorited":false,"retweeted":false,"filter_level":"low","lang":"en","timestamp_ms":"1587090049831"}