{"created_at":"Fri Apr 17 02:20:50 +0000 2020","id":1250972456493309958,"id_str":"1250972456493309958","text":"RT @atdanwhite: Love my Instant Pot. Makes cooking a breeze. Just tossed in an apple and a cup of water and in 25 minutes I had a really ho\u2026","source":"\u003ca href=\"http:\/\/twitter.com\/download\/iphone\" rel=\"nofollow\"\u003eTwitter for iPhone\u003c\/a\u003e","truncated":false,"in_reply_to_status_id":null,"in_reply_to_status_id_str":null,"in_reply_to_user_id":null,"in_reply_to_user_id_str":null,"in_reply_to_screen_name":null,"user":{"id":3283524774,"id_str":"3283524774","name":"ems","screen_name":"emmaaa_blythe","location":null,"url":null,"description":"\"If you have good thoughts, they will shine out of your face like sunbeams and you will always look lovely\" -Roald Dahl \ud83c\udf1e ~ IU \u201821 ~ she\/her ~","translator_type":"none","protected":false,"verified":false,"followers_count":356,"friends_count":369,"listed_count":1,"favourites_count":88264,"statuses_count":10442,"created_at":"Sat Jul 18 17:29:09 +0000 2015","utc_offset":null,"time_zone":null,"geo_enabled":true,"lang":null,"contributors_enabled":false,"is_translator":false,"profile_background_color":"000000","profile_background_image_url":"http:\/\/abs.twimg.com\/images\/themes\/theme1\/bg.png","profile_background_image_url_https":"https:\/\/abs.twimg.com\/images\/themes\/theme1\/bg.png","profile_background_tile":false,"profile_link_color":"F5ABB5","profile_sidebar_border_color":"000000","profile_sidebar_fill_color":"000000","profile_text_color":"000000","profile_use_background_image":false,"profile_image_url":"http:\/\/pbs.twimg.com\/profile_images\/1246577655471693824\/qNACgFlj_normal.jpg","profile_image_url_https":"https:\/\/pbs.twimg.com\/profile_images\/1246577655471693824\/qNACgFlj_normal.jpg","profile_banner_url":"https:\/\/pbs.twimg.com\/profile_banners\/3283524774\/1586041815","default_profile":false,"default_profile_image":false,"following":null,"follow_request_sent":null,"notifications":null},"geo":null,"coordinates":null,"place":null,"contributors":null,"retweeted_status":{"created_at":"Thu Apr 16 18:39:15 +0000 2020","id":1250856297370660864,"id_str":"1250856297370660864","text":"Love my Instant Pot. Makes cooking a breeze. Just tossed in an apple and a cup of water and in 25 minutes I had a r\u2026 https:\/\/t.co\/qBn0FIeed2","display_text_range":[0,140],"source":"\u003ca href=\"http:\/\/twitter.com\/download\/iphone\" rel=\"nofollow\"\u003eTwitter for iPhone\u003c\/a\u003e","truncated":true,"in_reply_to_status_id":null,"in_reply_to_status_id_str":null,"in_reply_to_user_id":null,"in_reply_to_user_id_str":null,"in_reply_to_screen_name":null,"user":{"id":58691643,"id_str":"58691643","name":"Dan White","screen_name":"atdanwhite","location":null,"url":"http:\/\/www.danwhitewebsite.com\/videos","description":"Twitter litter..","translator_type":"none","protected":false,"verified":false,"followers_count":16388,"friends_count":1522,"listed_count":50,"favourites_count":46279,"statuses_count":4679,"created_at":"Tue Jul 21 03:33:08 +0000 2009","utc_offset":null,"time_zone":null,"geo_enabled":true,"lang":null,"contributors_enabled":false,"is_translator":false,"profile_background_color":"9AE4E8","profile_background_image_url":"http:\/\/abs.twimg.com\/images\/themes\/theme1\/bg.png","profile_background_image_url_https":"https:\/\/abs.twimg.com\/images\/themes\/theme1\/bg.png","profile_background_tile":true,"profile_link_color":"0084B4","profile_sidebar_border_color":"BDDCAD","profile_sidebar_fill_color":"DDFFCC","profile_text_color":"333333","profile_use_background_image":true,"profile_image_url":"http:\/\/pbs.twimg.com\/profile_images\/1246503666951106562\/NQ1bIVZy_normal.jpg","profile_image_url_https":"https:\/\/pbs.twimg.com\/profile_images\/1246503666951106562\/NQ1bIVZy_normal.jpg","profile_banner_url":"https:\/\/pbs.twimg.com\/profile_banners\/58691643\/1582049841","default_profile":false,"default_profile_image":false,"following":null,"follow_request_sent":null,"notifications":null},"geo":null,"coordinates":null,"place":null,"contributors":null,"is_quote_status":false,"extended_tweet":{"full_text":"Love my Instant Pot. Makes cooking a breeze. Just tossed in an apple and a cup of water and in 25 minutes I had a really hot apple. https:\/\/t.co\/aCVdWDWA3R","display_text_range":[0,131],"entities":{"hashtags":[],"urls":[],"user_mentions":[],"symbols":[],"media":[{"id":1250855476318949377,"id_str":"1250855476318949377","indices":[132,155],"additional_media_info":{"monetizable":false},"media_url":"http:\/\/pbs.twimg.com\/ext_tw_video_thumb\/1250855476318949377\/pu\/img\/nCnSf0ll2lHWdFw_.jpg","media_url_https":"https:\/\/pbs.twimg.com\/ext_tw_video_thumb\/1250855476318949377\/pu\/img\/nCnSf0ll2lHWdFw_.jpg","url":"https:\/\/t.co\/aCVdWDWA3R","display_url":"pic.twitter.com\/aCVdWDWA3R","expanded_url":"https:\/\/twitter.com\/atdanwhite\/status\/1250856297370660864\/video\/1","type":"video","video_info":{"aspect_ratio":[9,16],"duration_millis":18923,"variants":[{"bitrate":2176000,"content_type":"video\/mp4","url":"https:\/\/video.twimg.com\/ext_tw_video\/1250855476318949377\/pu\/vid\/720x1280\/NlwAneycY---g1BG.mp4?tag=10"},{"bitrate":832000,"content_type":"video\/mp4","url":"https:\/\/video.twimg.com\/ext_tw_video\/1250855476318949377\/pu\/vid\/360x640\/jhOLzadburobXI9U.mp4?tag=10"},{"content_type":"application\/x-mpegURL","url":"https:\/\/video.twimg.com\/ext_tw_video\/1250855476318949377\/pu\/pl\/jZ6zTA-vzAmt-cf3.m3u8?tag=10"},{"bitrate":632000,"content_type":"video\/mp4","url":"https:\/\/video.twimg.com\/ext_tw_video\/1250855476318949377\/pu\/vid\/320x568\/bcAIDhsSAyg11CgZ.mp4?tag=10"}]},"sizes":{"thumb":{"w":150,"h":150,"resize":"crop"},"small":{"w":383,"h":680,"resize":"fit"},"large":{"w":720,"h":1280,"resize":"fit"},"medium":{"w":675,"h":1200,"resize":"fit"}}}]},"extended_entities":{"media":[{"id":1250855476318949377,"id_str":"1250855476318949377","indices":[132,155],"additional_media_info":{"monetizable":false},"media_url":"http:\/\/pbs.twimg.com\/ext_tw_video_thumb\/1250855476318949377\/pu\/img\/nCnSf0ll2lHWdFw_.jpg","media_url_https":"https:\/\/pbs.twimg.com\/ext_tw_video_thumb\/1250855476318949377\/pu\/img\/nCnSf0ll2lHWdFw_.jpg","url":"https:\/\/t.co\/aCVdWDWA3R","display_url":"pic.twitter.com\/aCVdWDWA3R","expanded_url":"https:\/\/twitter.com\/atdanwhite\/status\/1250856297370660864\/video\/1","type":"video","video_info":{"aspect_ratio":[9,16],"duration_millis":18923,"variants":[{"bitrate":2176000,"content_type":"video\/mp4","url":"https:\/\/video.twimg.com\/ext_tw_video\/1250855476318949377\/pu\/vid\/720x1280\/NlwAneycY---g1BG.mp4?tag=10"},{"bitrate":832000,"content_type":"video\/mp4","url":"https:\/\/video.twimg.com\/ext_tw_video\/1250855476318949377\/pu\/vid\/360x640\/jhOLzadburobXI9U.mp4?tag=10"},{"content_type":"application\/x-mpegURL","url":"https:\/\/video.twimg.com\/ext_tw_video\/1250855476318949377\/pu\/pl\/jZ6zTA-vzAmt-cf3.m3u8?tag=10"},{"bitrate":632000,"content_type":"video\/mp4","url":"https:\/\/video.twimg.com\/ext_tw_video\/1250855476318949377\/pu\/vid\/320x568\/bcAIDhsSAyg11CgZ.mp4?tag=10"}]},"sizes":{"thumb":{"w":150,"h":150,"resize":"crop"},"small":{"w":383,"h":680,"resize":"fit"},"large":{"w":720,"h":1280,"resize":"fit"},"medium":{"w":675,"h":1200,"resize":"fit"}}}]}},"quote_count":333,"reply_count":280,"retweet_count":4178,"favorite_count":34433,"entities":{"hashtags":[],"urls":[{"url":"https:\/\/t.co\/qBn0FIeed2","expanded_url":"https:\/\/twitter.com\/i\/web\/status\/1250856297370660864","display_url":"twitter.com\/i\/web\/status\/1\u2026","indices":[117,140]}],"user_mentions":[],"symbols":[]},"favorited":false,"retweeted":false,"possibly_sensitive":false,"filter_level":"low","lang":"en"},"is_quote_status":false,"quote_count":0,"reply_count":0,"retweet_count":0,"favorite_count":0,"entities":{"hashtags":[],"urls":[],"user_mentions":[{"screen_name":"atdanwhite","name":"Dan White","id":58691643,"id_str":"58691643","indices":[3,14]}],"symbols":[]},"favorited":false,"retweeted":false,"filter_level":"low","lang":"en","timestamp_ms":"1587090050229"}