{"created_at":"Fri Apr 17 02:20:49 +0000 2020","id":1250972454857568257,"id_str":"1250972454857568257","text":"@joshuabau Love that cobra alien-ish stuff. &lt;3 RT for that. :)","display_text_range":[11,65],"source":"\u003ca href=\"https:\/\/mobile.twitter.com\" rel=\"nofollow\"\u003eTwitter Web App\u003c\/a\u003e","truncated":false,"in_reply_to_status_id":1250901473074057216,"in_reply_to_status_id_str":"1250901473074057216","in_reply_to_user_id":1356026568,"in_reply_to_user_id_str":"1356026568","in_reply_to_screen_name":"joshuabau","user":{"id":1151604748828590080,"id_str":"1151604748828590080","name":"Mad Artz Esports Logo Design","screen_name":"LaganzonDarwin","location":"Philippines","url":"http:\/\/www.facebook.com\/madartzgraphics","description":"Esport\/Gaming Logo Designer @ http:\/\/web.facebook.com\/madartzgraphics | (+63)9280633283 | madartzgraphics2019@gmail.com","translator_type":"none","protected":false,"verified":false,"followers_count":20,"friends_count":126,"listed_count":0,"favourites_count":153,"statuses_count":95,"created_at":"Wed Jul 17 21:29:02 +0000 2019","utc_offset":null,"time_zone":null,"geo_enabled":false,"lang":null,"contributors_enabled":false,"is_translator":false,"profile_background_color":"F5F8FA","profile_background_image_url":"","profile_background_image_url_https":"","profile_background_tile":false,"profile_link_color":"1DA1F2","profile_sidebar_border_color":"C0DEED","profile_sidebar_fill_color":"DDEEF6","profile_text_color":"333333","profile_use_background_image":true,"profile_image_url":"http:\/\/pbs.twimg.com\/profile_images\/1236276054865481728\/fkKDmtcX_normal.jpg","profile_image_url_https":"https:\/\/pbs.twimg.com\/profile_images\/1236276054865481728\/fkKDmtcX_normal.jpg","profile_banner_url":"https:\/\/pbs.twimg.com\/profile_banners\/1151604748828590080\/1583586103","default_profile":true,"default_profile_image":false,"following":null,"follow_request_sent":null,"notifications":null},"geo":null,"coordinates":null,"place":null,"contributors":null,"is_quote_status":false,"quote_count":0,"reply_count":0,"retweet_count":0,"favorite_count":0,"entities":{"hashtags":[],"urls":[],"user_mentions":[{"screen_name":"joshuabau","name":"Josh Logo Designer","id":1356026568,"id_str":"1356026568","indices":[0,10]}],"symbols":[]},"favorited":false,"retweeted":false,"filter_level":"low","lang":"en","timestamp_ms":"1587090049839"}