{"created_at":"Fri Apr 17 02:20:49 +0000 2020","id":1250972453695676417,"id_str":"1250972453695676417","text":"RT @ADNFOREVER167: Today,together we heal. Let us offer the world the love,joy,peace and gratitude that we,.. #ADNStrongTogether\n@TropADNTA\u2026","source":"\u003ca href=\"http:\/\/twitter.com\/download\/android\" rel=\"nofollow\"\u003eTwitter for Android\u003c\/a\u003e","truncated":false,"in_reply_to_status_id":null,"in_reply_to_status_id_str":null,"in_reply_to_user_id":null,"in_reply_to_user_id_str":null,"in_reply_to_screen_name":null,"user":{"id":723015844381360129,"id_str":"723015844381360129","name":"Nydia Jordan\u1d2c\u1d30\u1d3a\ud83c\udf04","screen_name":"nidzjordan","location":"Bulacan, Central Luzon","url":null,"description":null,"translator_type":"none","protected":false,"verified":false,"followers_count":931,"friends_count":664,"listed_count":21,"favourites_count":88722,"statuses_count":525296,"created_at":"Thu Apr 21 05:09:45 +0000 2016","utc_offset":null,"time_zone":null,"geo_enabled":true,"lang":null,"contributors_enabled":false,"is_translator":false,"profile_background_color":"F5F8FA","profile_background_image_url":"","profile_background_image_url_https":"","profile_background_tile":false,"profile_link_color":"1DA1F2","profile_sidebar_border_color":"C0DEED","profile_sidebar_fill_color":"DDEEF6","profile_text_color":"333333","profile_use_background_image":true,"profile_image_url":"http:\/\/pbs.twimg.com\/profile_images\/1093309332664475648\/CDPQZcKE_normal.jpg","profile_image_url_https":"https:\/\/pbs.twimg.com\/profile_images\/1093309332664475648\/CDPQZcKE_normal.jpg","profile_banner_url":"https:\/\/pbs.twimg.com\/profile_banners\/723015844381360129\/1560300815","default_profile":true,"default_profile_image":false,"following":null,"follow_request_sent":null,"notifications":null},"geo":null,"coordinates":null,"place":null,"contributors":null,"retweeted_status":{"created_at":"Thu Apr 16 18:36:01 +0000 2020","id":1250855483717464064,"id_str":"1250855483717464064","text":"Today,together we heal. Let us offer the world the love,joy,peace and gratitude that we,.. #ADNStrongTogether\u2026 https:\/\/t.co\/x6kwii8GKa","display_text_range":[0,140],"source":"\u003ca href=\"https:\/\/mobile.twitter.com\" rel=\"nofollow\"\u003eTwitter Web App\u003c\/a\u003e","truncated":true,"in_reply_to_status_id":1250855480412401664,"in_reply_to_status_id_str":"1250855480412401664","in_reply_to_user_id":942290698795065344,"in_reply_to_user_id_str":"942290698795065344","in_reply_to_screen_name":"ADNFOREVER167","user":{"id":942290698795065344,"id_str":"942290698795065344","name":"OFCADNForever\u1d2c\u1d30\u1d3a\u200f","screen_name":"ADNFOREVER167","location":"Philippines","url":null,"description":"For the LOVE of Alden and Maine  ALDUBForever OFFICIAL main account.\n\nFB: http:\/\/facebook.com\/ALDUB-Forever-\u2026","translator_type":"none","protected":false,"verified":false,"followers_count":1599,"friends_count":400,"listed_count":1,"favourites_count":54944,"statuses_count":219041,"created_at":"Sun Dec 17 07:09:44 +0000 2017","utc_offset":null,"time_zone":null,"geo_enabled":false,"lang":null,"contributors_enabled":false,"is_translator":false,"profile_background_color":"F5F8FA","profile_background_image_url":"","profile_background_image_url_https":"","profile_background_tile":false,"profile_link_color":"1DA1F2","profile_sidebar_border_color":"C0DEED","profile_sidebar_fill_color":"DDEEF6","profile_text_color":"333333","profile_use_background_image":true,"profile_image_url":"http:\/\/pbs.twimg.com\/profile_images\/1238785794564706304\/uMzWer_w_normal.jpg","profile_image_url_https":"https:\/\/pbs.twimg.com\/profile_images\/1238785794564706304\/uMzWer_w_normal.jpg","profile_banner_url":"https:\/\/pbs.twimg.com\/profile_banners\/942290698795065344\/1583432753","default_profile":true,"default_profile_image":false,"following":null,"follow_request_sent":null,"notifications":null},"geo":null,"coordinates":null,"place":null,"contributors":null,"is_quote_status":false,"extended_tweet":{"full_text":"Today,together we heal. Let us offer the world the love,joy,peace and gratitude that we,.. #ADNStrongTogether\n@TropADNTAN\n@thebarakogirl\n@japple003\n@bethzaydaaa\n@BetsayCamp\n@MaElenaNieto\n@royjison\n@bffmaine15\n@wengcookie\n@oh_em_jee03\n@ways_au\n@MeilinLozano\n@Cristin57273685 https:\/\/t.co\/jdkPffwGto","display_text_range":[0,273],"entities":{"hashtags":[{"text":"ADNStrongTogether","indices":[91,109]}],"urls":[],"user_mentions":[{"screen_name":"TropADNTAN","name":"TROPANG ADN TNAUAN\ud83e\udd4a","id":774614494748172289,"id_str":"774614494748172289","indices":[110,121]},{"screen_name":"thebarakogirl","name":"BG \ud83e\udd80","id":150629963,"id_str":"150629963","indices":[122,136]},{"screen_name":"japple003","name":"\u2728apple\u2728\u1d2c\u1d30\u1d3a","id":2380099219,"id_str":"2380099219","indices":[137,147]},{"screen_name":"bethzaydaaa","name":"\ud83c\udf40\ud83c\udf37Bethzayda\ud83c\udf37\ud83c\udf40","id":928076390972321792,"id_str":"928076390972321792","indices":[148,160]},{"screen_name":"BetsayCamp","name":"\ud83c\udf40\ud83c\udf3eCamp Betsay\u1d2c\u1d30\u1d3a\ud83c\udf3e\ud83c\udf40","id":1046852963484938240,"id_str":"1046852963484938240","indices":[161,172]},{"screen_name":"MaElenaNieto","name":"Candy Candy","id":347808561,"id_str":"347808561","indices":[173,186]},{"screen_name":"royjison","name":"roy jison","id":3813588434,"id_str":"3813588434","indices":[187,196]},{"screen_name":"bffmaine15","name":"AIDA DE JESUS \u1d2c\u1d30\u1d3a","id":811754407331250177,"id_str":"811754407331250177","indices":[197,208]},{"screen_name":"wengcookie","name":"Weng","id":2484284488,"id_str":"2484284488","indices":[209,220]},{"screen_name":"oh_em_jee03","name":"Pordalab&Pordacount**ADN","id":812068070722129921,"id_str":"812068070722129921","indices":[221,233]},{"screen_name":"ways_au","name":"@au_ways \u270d\ufe0f","id":1029237559673548802,"id_str":"1029237559673548802","indices":[234,242]},{"screen_name":"MeilinLozano","name":"\ud83c\udf38nids\ud83d\udc96","id":3305649991,"id_str":"3305649991","indices":[243,256]},{"screen_name":"Cristin57273685","name":"Cristina Ocampo","id":1099223944429617152,"id_str":"1099223944429617152","indices":[257,273]}],"symbols":[],"media":[{"id":1250853877043179520,"id_str":"1250853877043179520","indices":[274,297],"media_url":"http:\/\/pbs.twimg.com\/media\/EVvs-U8UMAActHn.jpg","media_url_https":"https:\/\/pbs.twimg.com\/media\/EVvs-U8UMAActHn.jpg","url":"https:\/\/t.co\/jdkPffwGto","display_url":"pic.twitter.com\/jdkPffwGto","expanded_url":"https:\/\/twitter.com\/ADNFOREVER167\/status\/1250855483717464064\/photo\/1","type":"photo","sizes":{"thumb":{"w":150,"h":150,"resize":"crop"},"medium":{"w":660,"h":660,"resize":"fit"},"large":{"w":660,"h":660,"resize":"fit"},"small":{"w":660,"h":660,"resize":"fit"}}}]},"extended_entities":{"media":[{"id":1250853877043179520,"id_str":"1250853877043179520","indices":[274,297],"media_url":"http:\/\/pbs.twimg.com\/media\/EVvs-U8UMAActHn.jpg","media_url_https":"https:\/\/pbs.twimg.com\/media\/EVvs-U8UMAActHn.jpg","url":"https:\/\/t.co\/jdkPffwGto","display_url":"pic.twitter.com\/jdkPffwGto","expanded_url":"https:\/\/twitter.com\/ADNFOREVER167\/status\/1250855483717464064\/photo\/1","type":"photo","sizes":{"thumb":{"w":150,"h":150,"resize":"crop"},"medium":{"w":660,"h":660,"resize":"fit"},"large":{"w":660,"h":660,"resize":"fit"},"small":{"w":660,"h":660,"resize":"fit"}}}]}},"quote_count":0,"reply_count":1,"retweet_count":10,"favorite_count":5,"entities":{"hashtags":[{"text":"ADNStrongTogether","indices":[91,109]}],"urls":[{"url":"https:\/\/t.co\/x6kwii8GKa","expanded_url":"https:\/\/twitter.com\/i\/web\/status\/1250855483717464064","display_url":"twitter.com\/i\/web\/status\/1\u2026","indices":[111,134]}],"user_mentions":[],"symbols":[]},"favorited":false,"retweeted":false,"possibly_sensitive":false,"filter_level":"low","lang":"en"},"is_quote_status":false,"quote_count":0,"reply_count":0,"retweet_count":0,"favorite_count":0,"entities":{"hashtags":[{"text":"ADNStrongTogether","indices":[110,128]}],"urls":[],"user_mentions":[{"screen_name":"ADNFOREVER167","name":"OFCADNForever\u1d2c\u1d30\u1d3a\u200f","id":942290698795065344,"id_str":"942290698795065344","indices":[3,17]}],"symbols":[]},"favorited":false,"retweeted":false,"filter_level":"low","lang":"en","timestamp_ms":"1587090049562"}