{"created_at":"Fri Apr 17 02:20:49 +0000 2020","id":1250972454337429504,"id_str":"1250972454337429504","text":"@romanjrodri I love this song","display_text_range":[13,29],"source":"\u003ca href=\"http:\/\/twitter.com\/download\/iphone\" rel=\"nofollow\"\u003eTwitter for iPhone\u003c\/a\u003e","truncated":false,"in_reply_to_status_id":1250952641355476992,"in_reply_to_status_id_str":"1250952641355476992","in_reply_to_user_id":758353340329713664,"in_reply_to_user_id_str":"758353340329713664","in_reply_to_screen_name":"romanjrodri","user":{"id":1208873073065123840,"id_str":"1208873073065123840","name":"kareem \u263d","screen_name":"DiorKareem","location":"San Diego, CA","url":null,"description":"stan doja & kali or gtfo \ud83c\udf52","translator_type":"none","protected":false,"verified":false,"followers_count":836,"friends_count":739,"listed_count":0,"favourites_count":2027,"statuses_count":370,"created_at":"Sun Dec 22 22:13:08 +0000 2019","utc_offset":null,"time_zone":null,"geo_enabled":true,"lang":null,"contributors_enabled":false,"is_translator":false,"profile_background_color":"F5F8FA","profile_background_image_url":"","profile_background_image_url_https":"","profile_background_tile":false,"profile_link_color":"1DA1F2","profile_sidebar_border_color":"C0DEED","profile_sidebar_fill_color":"DDEEF6","profile_text_color":"333333","profile_use_background_image":true,"profile_image_url":"http:\/\/pbs.twimg.com\/profile_images\/1250938937322827776\/NHaIYrVJ_normal.jpg","profile_image_url_https":"https:\/\/pbs.twimg.com\/profile_images\/1250938937322827776\/NHaIYrVJ_normal.jpg","profile_banner_url":"https:\/\/pbs.twimg.com\/profile_banners\/1208873073065123840\/1586709814","default_profile":true,"default_profile_image":false,"following":null,"follow_request_sent":null,"notifications":null},"geo":null,"coordinates":null,"place":null,"contributors":null,"is_quote_status":false,"quote_count":0,"reply_count":0,"retweet_count":0,"favorite_count":0,"entities":{"hashtags":[],"urls":[],"user_mentions":[{"screen_name":"romanjrodri","name":"romanito","id":758353340329713664,"id_str":"758353340329713664","indices":[0,12]}],"symbols":[]},"favorited":false,"retweeted":false,"filter_level":"low","lang":"en","timestamp_ms":"1587090049715"}