{"created_at":"Fri Apr 17 02:20:49 +0000 2020","id":1250972453133791232,"id_str":"1250972453133791232","text":"@TahaijHoopDream i need one lol i just love the pic i want the white hoodie \ud83d\ude02","display_text_range":[17,77],"source":"\u003ca href=\"http:\/\/twitter.com\/download\/iphone\" rel=\"nofollow\"\u003eTwitter for iPhone\u003c\/a\u003e","truncated":false,"in_reply_to_status_id":1250970522239807489,"in_reply_to_status_id_str":"1250970522239807489","in_reply_to_user_id":483180043,"in_reply_to_user_id_str":"483180043","in_reply_to_screen_name":"TahaijHoopDream","user":{"id":341110773,"id_str":"341110773","name":"returnofthemack \ud83e\udd0d","screen_name":"baby_meek","location":"Rochester , NY","url":null,"description":"Giavanni M \u2763\ufe0f | \ud83c\udf08 | Westside Shorty \ud83e\udd1f\ud83c\udffd LongLiveMyBROTHERS \ud83d\udc99 Follow My Twife @_LunaLesKeyss \ud83d\udc8d","translator_type":"none","protected":false,"verified":false,"followers_count":3451,"friends_count":2182,"listed_count":12,"favourites_count":30197,"statuses_count":137503,"created_at":"Sat Jul 23 20:36:40 +0000 2011","utc_offset":null,"time_zone":null,"geo_enabled":true,"lang":null,"contributors_enabled":false,"is_translator":false,"profile_background_color":"FF6699","profile_background_image_url":"http:\/\/abs.twimg.com\/images\/themes\/theme1\/bg.png","profile_background_image_url_https":"https:\/\/abs.twimg.com\/images\/themes\/theme1\/bg.png","profile_background_tile":true,"profile_link_color":"B40B43","profile_sidebar_border_color":"FFFFFF","profile_sidebar_fill_color":"E6F6F9","profile_text_color":"333333","profile_use_background_image":true,"profile_image_url":"http:\/\/pbs.twimg.com\/profile_images\/1243237751505530880\/XbwoVC2-_normal.jpg","profile_image_url_https":"https:\/\/pbs.twimg.com\/profile_images\/1243237751505530880\/XbwoVC2-_normal.jpg","profile_banner_url":"https:\/\/pbs.twimg.com\/profile_banners\/341110773\/1581040912","default_profile":false,"default_profile_image":false,"following":null,"follow_request_sent":null,"notifications":null},"geo":null,"coordinates":null,"place":null,"contributors":null,"is_quote_status":false,"quote_count":0,"reply_count":0,"retweet_count":0,"favorite_count":0,"entities":{"hashtags":[],"urls":[],"user_mentions":[{"screen_name":"TahaijHoopDream","name":"Blue Krait","id":483180043,"id_str":"483180043","indices":[0,16]}],"symbols":[]},"favorited":false,"retweeted":false,"filter_level":"low","lang":"en","timestamp_ms":"1587090049428"}