{"created_at":"Fri Apr 17 02:20:49 +0000 2020","id":1250972453398097920,"id_str":"1250972453398097920","text":"RT @crackheadtxt_: Well does that even makes sense?  They're brothers after all so basically they're family.  Respect them and respect each\u2026","source":"\u003ca href=\"http:\/\/twitter.com\/download\/android\" rel=\"nofollow\"\u003eTwitter for Android\u003c\/a\u003e","truncated":false,"in_reply_to_status_id":null,"in_reply_to_status_id_str":null,"in_reply_to_user_id":null,"in_reply_to_user_id_str":null,"in_reply_to_screen_name":null,"user":{"id":1207870327289720837,"id_str":"1207870327289720837","name":"Lalla\u2075 \ud83d\udc3c","screen_name":"yjunlionness","location":"Frankfurt, Hesse","url":null,"description":"#BTS: T is for Tomorrow x Together ll Backup of @LaLallaTenera ll Fan account","translator_type":"none","protected":false,"verified":false,"followers_count":453,"friends_count":507,"listed_count":3,"favourites_count":2676,"statuses_count":1477,"created_at":"Fri Dec 20 03:48:40 +0000 2019","utc_offset":null,"time_zone":null,"geo_enabled":false,"lang":null,"contributors_enabled":false,"is_translator":false,"profile_background_color":"F5F8FA","profile_background_image_url":"","profile_background_image_url_https":"","profile_background_tile":false,"profile_link_color":"1DA1F2","profile_sidebar_border_color":"C0DEED","profile_sidebar_fill_color":"DDEEF6","profile_text_color":"333333","profile_use_background_image":true,"profile_image_url":"http:\/\/pbs.twimg.com\/profile_images\/1243288941500993537\/rVVP-KAV_normal.jpg","profile_image_url_https":"https:\/\/pbs.twimg.com\/profile_images\/1243288941500993537\/rVVP-KAV_normal.jpg","profile_banner_url":"https:\/\/pbs.twimg.com\/profile_banners\/1207870327289720837\/1585258156","default_profile":true,"default_profile_image":false,"following":null,"follow_request_sent":null,"notifications":null},"geo":null,"coordinates":null,"place":null,"contributors":null,"retweeted_status":{"created_at":"Fri Apr 17 01:40:31 +0000 2020","id":1250962309968588800,"id_str":"1250962309968588800","text":"Well does that even makes sense?  They're brothers after all so basically they're family.  Respect them and respect\u2026 https:\/\/t.co\/HfdwZbqKEz","display_text_range":[0,140],"source":"\u003ca href=\"http:\/\/twitter.com\/download\/android\" rel=\"nofollow\"\u003eTwitter for Android\u003c\/a\u003e","truncated":true,"in_reply_to_status_id":null,"in_reply_to_status_id_str":null,"in_reply_to_user_id":null,"in_reply_to_user_id_str":null,"in_reply_to_screen_name":null,"user":{"id":1249665695165472770,"id_str":"1249665695165472770","name":"Choi","screen_name":"crackheadtxt_","location":null,"url":null,"description":"i stan talent \ud83d\udc3c","translator_type":"none","protected":false,"verified":false,"followers_count":133,"friends_count":164,"listed_count":0,"favourites_count":1297,"statuses_count":283,"created_at":"Mon Apr 13 11:48:31 +0000 2020","utc_offset":null,"time_zone":null,"geo_enabled":false,"lang":null,"contributors_enabled":false,"is_translator":false,"profile_background_color":"F5F8FA","profile_background_image_url":"","profile_background_image_url_https":"","profile_background_tile":false,"profile_link_color":"1DA1F2","profile_sidebar_border_color":"C0DEED","profile_sidebar_fill_color":"DDEEF6","profile_text_color":"333333","profile_use_background_image":true,"profile_image_url":"http:\/\/pbs.twimg.com\/profile_images\/1250429554855776256\/ZbGQJqz8_normal.jpg","profile_image_url_https":"https:\/\/pbs.twimg.com\/profile_images\/1250429554855776256\/ZbGQJqz8_normal.jpg","profile_banner_url":"https:\/\/pbs.twimg.com\/profile_banners\/1249665695165472770\/1586880991","default_profile":true,"default_profile_image":false,"following":null,"follow_request_sent":null,"notifications":null},"geo":null,"coordinates":null,"place":null,"contributors":null,"is_quote_status":false,"extended_tweet":{"full_text":"Well does that even makes sense?  They're brothers after all so basically they're family.  Respect them and respect each other guys.  Spread love and positivity and don't go hating on them \ud83d\ude0a \u2665\n@TXT_members @TXT_bighit \n@BTS_twt @bts_bighit https:\/\/t.co\/1j6DaA1ky5","display_text_range":[0,239],"entities":{"hashtags":[],"urls":[],"user_mentions":[{"screen_name":"TXT_members","name":"TOMORROW X TOGETHER","id":1059327333532749824,"id_str":"1059327333532749824","indices":[193,205]},{"screen_name":"TXT_bighit","name":"TXT OFFICIAL","id":1083198663424237569,"id_str":"1083198663424237569","indices":[206,217]},{"screen_name":"BTS_twt","name":"\ubc29\ud0c4\uc18c\ub144\ub2e8","id":335141638,"id_str":"335141638","indices":[219,227]},{"screen_name":"bts_bighit","name":"BTS_official","id":1409798257,"id_str":"1409798257","indices":[228,239]}],"symbols":[],"media":[{"id":1250962300447584257,"id_str":"1250962300447584257","indices":[240,263],"media_url":"http:\/\/pbs.twimg.com\/media\/EVxPlZmVcAEPOCY.jpg","media_url_https":"https:\/\/pbs.twimg.com\/media\/EVxPlZmVcAEPOCY.jpg","url":"https:\/\/t.co\/1j6DaA1ky5","display_url":"pic.twitter.com\/1j6DaA1ky5","expanded_url":"https:\/\/twitter.com\/crackheadtxt_\/status\/1250962309968588800\/photo\/1","type":"photo","sizes":{"thumb":{"w":150,"h":150,"resize":"crop"},"medium":{"w":736,"h":852,"resize":"fit"},"small":{"w":587,"h":680,"resize":"fit"},"large":{"w":736,"h":852,"resize":"fit"}}}]},"extended_entities":{"media":[{"id":1250962300447584257,"id_str":"1250962300447584257","indices":[240,263],"media_url":"http:\/\/pbs.twimg.com\/media\/EVxPlZmVcAEPOCY.jpg","media_url_https":"https:\/\/pbs.twimg.com\/media\/EVxPlZmVcAEPOCY.jpg","url":"https:\/\/t.co\/1j6DaA1ky5","display_url":"pic.twitter.com\/1j6DaA1ky5","expanded_url":"https:\/\/twitter.com\/crackheadtxt_\/status\/1250962309968588800\/photo\/1","type":"photo","sizes":{"thumb":{"w":150,"h":150,"resize":"crop"},"medium":{"w":736,"h":852,"resize":"fit"},"small":{"w":587,"h":680,"resize":"fit"},"large":{"w":736,"h":852,"resize":"fit"}}}]}},"quote_count":0,"reply_count":0,"retweet_count":7,"favorite_count":9,"entities":{"hashtags":[],"urls":[{"url":"https:\/\/t.co\/HfdwZbqKEz","expanded_url":"https:\/\/twitter.com\/i\/web\/status\/1250962309968588800","display_url":"twitter.com\/i\/web\/status\/1\u2026","indices":[117,140]}],"user_mentions":[],"symbols":[]},"favorited":false,"retweeted":false,"possibly_sensitive":false,"filter_level":"low","lang":"en"},"is_quote_status":false,"quote_count":0,"reply_count":0,"retweet_count":0,"favorite_count":0,"entities":{"hashtags":[],"urls":[],"user_mentions":[{"screen_name":"crackheadtxt_","name":"Choi","id":1249665695165472770,"id_str":"1249665695165472770","indices":[3,17]}],"symbols":[]},"favorited":false,"retweeted":false,"filter_level":"low","lang":"en","timestamp_ms":"1587090049491"}