{"created_at":"Fri Apr 17 02:20:49 +0000 2020","id":1250972454035611649,"id_str":"1250972454035611649","text":"RT @theroguecreator: I love intra-party politics. Just 4 months ago she was calling this man a racist on primetime television lmfao. https:\u2026","source":"\u003ca href=\"https:\/\/mobile.twitter.com\" rel=\"nofollow\"\u003eTwitter Web App\u003c\/a\u003e","truncated":false,"in_reply_to_status_id":null,"in_reply_to_status_id_str":null,"in_reply_to_user_id":null,"in_reply_to_user_id_str":null,"in_reply_to_screen_name":null,"user":{"id":1234492531729195010,"id_str":"1234492531729195010","name":"supreme bolshevik barb- coronovirus era \ud83c\udded\ud83c\uddf9","screen_name":"meanmediumode2","location":null,"url":null,"description":"S worded. Marxist Leninist. Jordan. anti imperialist. Katara Stan. he\/him","translator_type":"none","protected":false,"verified":false,"followers_count":202,"friends_count":228,"listed_count":0,"favourites_count":4032,"statuses_count":5019,"created_at":"Mon Mar 02 14:55:43 +0000 2020","utc_offset":null,"time_zone":null,"geo_enabled":false,"lang":null,"contributors_enabled":false,"is_translator":false,"profile_background_color":"F5F8FA","profile_background_image_url":"","profile_background_image_url_https":"","profile_background_tile":false,"profile_link_color":"1DA1F2","profile_sidebar_border_color":"C0DEED","profile_sidebar_fill_color":"DDEEF6","profile_text_color":"333333","profile_use_background_image":true,"profile_image_url":"http:\/\/pbs.twimg.com\/profile_images\/1238266821863669760\/oqHwMGwT_normal.jpg","profile_image_url_https":"https:\/\/pbs.twimg.com\/profile_images\/1238266821863669760\/oqHwMGwT_normal.jpg","profile_banner_url":"https:\/\/pbs.twimg.com\/profile_banners\/1234492531729195010\/1584414188","default_profile":true,"default_profile_image":false,"following":null,"follow_request_sent":null,"notifications":null},"geo":null,"coordinates":null,"place":null,"contributors":null,"retweeted_status":{"created_at":"Thu Apr 16 20:19:00 +0000 2020","id":1250881399311273989,"id_str":"1250881399311273989","text":"I love intra-party politics. Just 4 months ago she was calling this man a racist on primetime television lmfao. https:\/\/t.co\/x5NStjB8vQ","display_text_range":[0,111],"source":"\u003ca href=\"https:\/\/mobile.twitter.com\" rel=\"nofollow\"\u003eTwitter Web App\u003c\/a\u003e","truncated":false,"in_reply_to_status_id":null,"in_reply_to_status_id_str":null,"in_reply_to_user_id":null,"in_reply_to_user_id_str":null,"in_reply_to_screen_name":null,"user":{"id":25022818,"id_str":"25022818","name":"Artist of Fortune","screen_name":"theroguecreator","location":null,"url":"http:\/\/rcleggmedia.com","description":"I like some of the Gaga songs but what the fuck does she know about cameras?","translator_type":"none","protected":false,"verified":false,"followers_count":634,"friends_count":561,"listed_count":13,"favourites_count":5597,"statuses_count":80845,"created_at":"Wed Mar 18 03:47:37 +0000 2009","utc_offset":null,"time_zone":null,"geo_enabled":true,"lang":null,"contributors_enabled":false,"is_translator":false,"profile_background_color":"080503","profile_background_image_url":"http:\/\/abs.twimg.com\/images\/themes\/theme8\/bg.gif","profile_background_image_url_https":"https:\/\/abs.twimg.com\/images\/themes\/theme8\/bg.gif","profile_background_tile":true,"profile_link_color":"22313F","profile_sidebar_border_color":"000000","profile_sidebar_fill_color":"E6E5E3","profile_text_color":"C99908","profile_use_background_image":true,"profile_image_url":"http:\/\/pbs.twimg.com\/profile_images\/1221461791592587264\/CkL5D4yr_normal.jpg","profile_image_url_https":"https:\/\/pbs.twimg.com\/profile_images\/1221461791592587264\/CkL5D4yr_normal.jpg","profile_banner_url":"https:\/\/pbs.twimg.com\/profile_banners\/25022818\/1580054160","default_profile":false,"default_profile_image":false,"following":null,"follow_request_sent":null,"notifications":null},"geo":null,"coordinates":null,"place":null,"contributors":null,"quoted_status_id":1250880660664803328,"quoted_status_id_str":"1250880660664803328","quoted_status":{"created_at":"Thu Apr 16 20:16:04 +0000 2020","id":1250880660664803328,"id_str":"1250880660664803328","text":"JUST IN: Harris on if she'd serve as Biden's VP: \"I'd be honored to serve with Joe\" https:\/\/t.co\/rdye8QeK6K https:\/\/t.co\/PXPDYovKjV","display_text_range":[0,107],"source":"\u003ca href=\"http:\/\/www.socialflow.com\" rel=\"nofollow\"\u003eSocialFlow\u003c\/a\u003e","truncated":false,"in_reply_to_status_id":null,"in_reply_to_status_id_str":null,"in_reply_to_user_id":null,"in_reply_to_user_id_str":null,"in_reply_to_screen_name":null,"user":{"id":1917731,"id_str":"1917731","name":"The Hill","screen_name":"thehill","location":"Washington, DC","url":"http:\/\/www.thehill.com","description":"The Hill is the premier source for policy and political news. Follow for tweets on what's happening in Washington, breaking news and retweets of our reporters.","translator_type":"none","protected":false,"verified":true,"followers_count":3717849,"friends_count":264,"listed_count":27667,"favourites_count":10,"statuses_count":717673,"created_at":"Thu Mar 22 18:15:18 +0000 2007","utc_offset":null,"time_zone":null,"geo_enabled":false,"lang":null,"contributors_enabled":false,"is_translator":false,"profile_background_color":"9AE4E8","profile_background_image_url":"http:\/\/abs.twimg.com\/images\/themes\/theme1\/bg.png","profile_background_image_url_https":"https:\/\/abs.twimg.com\/images\/themes\/theme1\/bg.png","profile_background_tile":true,"profile_link_color":"FF0021","profile_sidebar_border_color":"ADADAA","profile_sidebar_fill_color":"EBEBEB","profile_text_color":"000000","profile_use_background_image":true,"profile_image_url":"http:\/\/pbs.twimg.com\/profile_images\/907330975587336193\/tw7JPE5v_normal.jpg","profile_image_url_https":"https:\/\/pbs.twimg.com\/profile_images\/907330975587336193\/tw7JPE5v_normal.jpg","profile_banner_url":"https:\/\/pbs.twimg.com\/profile_banners\/1917731\/1434034905","default_profile":false,"default_profile_image":false,"following":null,"follow_request_sent":null,"notifications":null},"geo":null,"coordinates":null,"place":null,"contributors":null,"is_quote_status":false,"quote_count":168,"reply_count":204,"retweet_count":235,"favorite_count":1140,"entities":{"hashtags":[],"urls":[{"url":"https:\/\/t.co\/rdye8QeK6K","expanded_url":"http:\/\/hill.cm\/1UJ4JOE","display_url":"hill.cm\/1UJ4JOE","indices":[84,107]}],"user_mentions":[],"symbols":[],"media":[{"id":1250880658152488961,"id_str":"1250880658152488961","indices":[108,131],"media_url":"http:\/\/pbs.twimg.com\/media\/EVwFVMWWAAEZnSX.jpg","media_url_https":"https:\/\/pbs.twimg.com\/media\/EVwFVMWWAAEZnSX.jpg","url":"https:\/\/t.co\/PXPDYovKjV","display_url":"pic.twitter.com\/PXPDYovKjV","expanded_url":"https:\/\/twitter.com\/thehill\/status\/1250880660664803328\/photo\/1","type":"photo","sizes":{"thumb":{"w":150,"h":150,"resize":"crop"},"large":{"w":980,"h":551,"resize":"fit"},"medium":{"w":980,"h":551,"resize":"fit"},"small":{"w":680,"h":382,"resize":"fit"}}}]},"extended_entities":{"media":[{"id":1250880658152488961,"id_str":"1250880658152488961","indices":[108,131],"media_url":"http:\/\/pbs.twimg.com\/media\/EVwFVMWWAAEZnSX.jpg","media_url_https":"https:\/\/pbs.twimg.com\/media\/EVwFVMWWAAEZnSX.jpg","url":"https:\/\/t.co\/PXPDYovKjV","display_url":"pic.twitter.com\/PXPDYovKjV","expanded_url":"https:\/\/twitter.com\/thehill\/status\/1250880660664803328\/photo\/1","type":"photo","sizes":{"thumb":{"w":150,"h":150,"resize":"crop"},"large":{"w":980,"h":551,"resize":"fit"},"medium":{"w":980,"h":551,"resize":"fit"},"small":{"w":680,"h":382,"resize":"fit"}}}]},"favorited":false,"retweeted":false,"possibly_sensitive":false,"filter_level":"low","lang":"en"},"quoted_status_permalink":{"url":"https:\/\/t.co\/x5NStjB8vQ","expanded":"https:\/\/twitter.com\/thehill\/status\/1250880660664803328","display":"twitter.com\/thehill\/status\u2026"},"is_quote_status":true,"quote_count":2,"reply_count":1,"retweet_count":103,"favorite_count":274,"entities":{"hashtags":[],"urls":[{"url":"https:\/\/t.co\/x5NStjB8vQ","expanded_url":"https:\/\/twitter.com\/thehill\/status\/1250880660664803328","display_url":"twitter.com\/thehill\/status\u2026","indices":[112,135]}],"user_mentions":[],"symbols":[]},"favorited":false,"retweeted":false,"possibly_sensitive":false,"filter_level":"low","lang":"en"},"quoted_status_id":1250880660664803328,"quoted_status_id_str":"1250880660664803328","quoted_status":{"created_at":"Thu Apr 16 20:16:04 +0000 2020","id":1250880660664803328,"id_str":"1250880660664803328","text":"JUST IN: Harris on if she'd serve as Biden's VP: \"I'd be honored to serve with Joe\" https:\/\/t.co\/rdye8QeK6K https:\/\/t.co\/PXPDYovKjV","display_text_range":[0,107],"source":"\u003ca href=\"http:\/\/www.socialflow.com\" rel=\"nofollow\"\u003eSocialFlow\u003c\/a\u003e","truncated":false,"in_reply_to_status_id":null,"in_reply_to_status_id_str":null,"in_reply_to_user_id":null,"in_reply_to_user_id_str":null,"in_reply_to_screen_name":null,"user":{"id":1917731,"id_str":"1917731","name":"The Hill","screen_name":"thehill","location":"Washington, DC","url":"http:\/\/www.thehill.com","description":"The Hill is the premier source for policy and political news. Follow for tweets on what's happening in Washington, breaking news and retweets of our reporters.","translator_type":"none","protected":false,"verified":true,"followers_count":3717849,"friends_count":264,"listed_count":27667,"favourites_count":10,"statuses_count":717673,"created_at":"Thu Mar 22 18:15:18 +0000 2007","utc_offset":null,"time_zone":null,"geo_enabled":false,"lang":null,"contributors_enabled":false,"is_translator":false,"profile_background_color":"9AE4E8","profile_background_image_url":"http:\/\/abs.twimg.com\/images\/themes\/theme1\/bg.png","profile_background_image_url_https":"https:\/\/abs.twimg.com\/images\/themes\/theme1\/bg.png","profile_background_tile":true,"profile_link_color":"FF0021","profile_sidebar_border_color":"ADADAA","profile_sidebar_fill_color":"EBEBEB","profile_text_color":"000000","profile_use_background_image":true,"profile_image_url":"http:\/\/pbs.twimg.com\/profile_images\/907330975587336193\/tw7JPE5v_normal.jpg","profile_image_url_https":"https:\/\/pbs.twimg.com\/profile_images\/907330975587336193\/tw7JPE5v_normal.jpg","profile_banner_url":"https:\/\/pbs.twimg.com\/profile_banners\/1917731\/1434034905","default_profile":false,"default_profile_image":false,"following":null,"follow_request_sent":null,"notifications":null},"geo":null,"coordinates":null,"place":null,"contributors":null,"is_quote_status":false,"quote_count":168,"reply_count":204,"retweet_count":235,"favorite_count":1140,"entities":{"hashtags":[],"urls":[{"url":"https:\/\/t.co\/rdye8QeK6K","expanded_url":"http:\/\/hill.cm\/1UJ4JOE","display_url":"hill.cm\/1UJ4JOE","indices":[84,107]}],"user_mentions":[],"symbols":[],"media":[{"id":1250880658152488961,"id_str":"1250880658152488961","indices":[108,131],"media_url":"http:\/\/pbs.twimg.com\/media\/EVwFVMWWAAEZnSX.jpg","media_url_https":"https:\/\/pbs.twimg.com\/media\/EVwFVMWWAAEZnSX.jpg","url":"https:\/\/t.co\/PXPDYovKjV","display_url":"pic.twitter.com\/PXPDYovKjV","expanded_url":"https:\/\/twitter.com\/thehill\/status\/1250880660664803328\/photo\/1","type":"photo","sizes":{"thumb":{"w":150,"h":150,"resize":"crop"},"large":{"w":980,"h":551,"resize":"fit"},"medium":{"w":980,"h":551,"resize":"fit"},"small":{"w":680,"h":382,"resize":"fit"}}}]},"extended_entities":{"media":[{"id":1250880658152488961,"id_str":"1250880658152488961","indices":[108,131],"media_url":"http:\/\/pbs.twimg.com\/media\/EVwFVMWWAAEZnSX.jpg","media_url_https":"https:\/\/pbs.twimg.com\/media\/EVwFVMWWAAEZnSX.jpg","url":"https:\/\/t.co\/PXPDYovKjV","display_url":"pic.twitter.com\/PXPDYovKjV","expanded_url":"https:\/\/twitter.com\/thehill\/status\/1250880660664803328\/photo\/1","type":"photo","sizes":{"thumb":{"w":150,"h":150,"resize":"crop"},"large":{"w":980,"h":551,"resize":"fit"},"medium":{"w":980,"h":551,"resize":"fit"},"small":{"w":680,"h":382,"resize":"fit"}}}]},"favorited":false,"retweeted":false,"possibly_sensitive":false,"filter_level":"low","lang":"en"},"quoted_status_permalink":{"url":"https:\/\/t.co\/x5NStjB8vQ","expanded":"https:\/\/twitter.com\/thehill\/status\/1250880660664803328","display":"twitter.com\/thehill\/status\u2026"},"is_quote_status":true,"quote_count":0,"reply_count":0,"retweet_count":0,"favorite_count":0,"entities":{"hashtags":[],"urls":[],"user_mentions":[{"screen_name":"theroguecreator","name":"Artist of Fortune","id":25022818,"id_str":"25022818","indices":[3,19]}],"symbols":[]},"favorited":false,"retweeted":false,"filter_level":"low","lang":"en","timestamp_ms":"1587090049643"}