{"created_at":"Fri Apr 17 02:20:49 +0000 2020","id":1250972453238476801,"id_str":"1250972453238476801","text":"RT @wordstionary: i love people who make me smile.","source":"\u003ca href=\"http:\/\/twitter.com\/download\/android\" rel=\"nofollow\"\u003eTwitter for Android\u003c\/a\u003e","truncated":false,"in_reply_to_status_id":null,"in_reply_to_status_id_str":null,"in_reply_to_user_id":null,"in_reply_to_user_id_str":null,"in_reply_to_screen_name":null,"user":{"id":1879170974,"id_str":"1879170974","name":"Muhammad Sidqi 'EPK62' Aiman","screen_name":"DiqieEPK62real","location":"Malaysia","url":"https:\/\/www.instagram.com\/diqie.epk62real","description":"-Malaysian\n-Master of mind game (momg)\n-Call me Diqie\/Qie or EPK only\n#TeamRiho\n #hatersgonnagone #mindgame #momg \n EPK stand for Ego Punt Kick.","translator_type":"none","protected":false,"verified":false,"followers_count":557,"friends_count":2682,"listed_count":1,"favourites_count":68201,"statuses_count":73280,"created_at":"Wed Sep 18 11:42:09 +0000 2013","utc_offset":null,"time_zone":null,"geo_enabled":true,"lang":null,"contributors_enabled":false,"is_translator":false,"profile_background_color":"000000","profile_background_image_url":"http:\/\/abs.twimg.com\/images\/themes\/theme1\/bg.png","profile_background_image_url_https":"https:\/\/abs.twimg.com\/images\/themes\/theme1\/bg.png","profile_background_tile":false,"profile_link_color":"FFCC4D","profile_sidebar_border_color":"000000","profile_sidebar_fill_color":"000000","profile_text_color":"000000","profile_use_background_image":false,"profile_image_url":"http:\/\/pbs.twimg.com\/profile_images\/1011853099395268608\/Grr98W6W_normal.jpg","profile_image_url_https":"https:\/\/pbs.twimg.com\/profile_images\/1011853099395268608\/Grr98W6W_normal.jpg","profile_banner_url":"https:\/\/pbs.twimg.com\/profile_banners\/1879170974\/1541079498","default_profile":false,"default_profile_image":false,"following":null,"follow_request_sent":null,"notifications":null},"geo":null,"coordinates":null,"place":null,"contributors":null,"retweeted_status":{"created_at":"Tue Apr 07 04:53:02 +0000 2020","id":1247386882201116678,"id_str":"1247386882201116678","text":"i love people who make me smile.","source":"\u003ca href=\"http:\/\/twitter.com\/download\/iphone\" rel=\"nofollow\"\u003eTwitter for iPhone\u003c\/a\u003e","truncated":false,"in_reply_to_status_id":null,"in_reply_to_status_id_str":null,"in_reply_to_user_id":null,"in_reply_to_user_id_str":null,"in_reply_to_screen_name":null,"user":{"id":127245578,"id_str":"127245578","name":"Quotes\u2764\ufe0f","screen_name":"wordstionary","location":"Worldwide","url":null,"description":"\u2022 Follow us for positive and inspiring quotes! \u2022 We don\u2019t own any content we post * PARODY* \ud83d\udce9harshit.makol9876@gmail.com","translator_type":"regular","protected":false,"verified":false,"followers_count":4760639,"friends_count":13,"listed_count":11209,"favourites_count":31811,"statuses_count":65941,"created_at":"Sun Mar 28 15:27:07 +0000 2010","utc_offset":null,"time_zone":null,"geo_enabled":false,"lang":null,"contributors_enabled":false,"is_translator":false,"profile_background_color":"91D2FA","profile_background_image_url":"http:\/\/abs.twimg.com\/images\/themes\/theme1\/bg.png","profile_background_image_url_https":"https:\/\/abs.twimg.com\/images\/themes\/theme1\/bg.png","profile_background_tile":false,"profile_link_color":"000000","profile_sidebar_border_color":"000000","profile_sidebar_fill_color":"EADEAA","profile_text_color":"333333","profile_use_background_image":false,"profile_image_url":"http:\/\/pbs.twimg.com\/profile_images\/925780181159219205\/6yl5xZKr_normal.jpg","profile_image_url_https":"https:\/\/pbs.twimg.com\/profile_images\/925780181159219205\/6yl5xZKr_normal.jpg","profile_banner_url":"https:\/\/pbs.twimg.com\/profile_banners\/127245578\/1510341455","default_profile":false,"default_profile_image":false,"following":null,"follow_request_sent":null,"notifications":null},"geo":null,"coordinates":null,"place":null,"contributors":null,"is_quote_status":false,"quote_count":115,"reply_count":30,"retweet_count":2564,"favorite_count":6059,"entities":{"hashtags":[],"urls":[],"user_mentions":[],"symbols":[]},"favorited":false,"retweeted":false,"filter_level":"low","lang":"en"},"is_quote_status":false,"quote_count":0,"reply_count":0,"retweet_count":0,"favorite_count":0,"entities":{"hashtags":[],"urls":[],"user_mentions":[{"screen_name":"wordstionary","name":"Quotes\u2764\ufe0f","id":127245578,"id_str":"127245578","indices":[3,16]}],"symbols":[]},"favorited":false,"retweeted":false,"filter_level":"low","lang":"en","timestamp_ms":"1587090049453"}