{"created_at":"Fri Apr 17 02:20:49 +0000 2020","id":1250972453582573572,"id_str":"1250972453582573572","text":"RT @francisdominiic: MS.ARIANA GRANDE SANG ALL HER PARTS FOR \u201cI WON\u2019T SAY I\u2019M IN LOVE\u201d FOR THE DISNEY SING-A-LONG TONIGHT AND HONESTLY, WHA\u2026","source":"\u003ca href=\"http:\/\/twitter.com\/download\/iphone\" rel=\"nofollow\"\u003eTwitter for iPhone\u003c\/a\u003e","truncated":false,"in_reply_to_status_id":null,"in_reply_to_status_id_str":null,"in_reply_to_user_id":null,"in_reply_to_user_id_str":null,"in_reply_to_screen_name":null,"user":{"id":2743071590,"id_str":"2743071590","name":"Tristan","screen_name":"tj02008","location":"(he\/him\/his) TX","url":null,"description":"bahahahahahahahaha","translator_type":"none","protected":false,"verified":false,"followers_count":218,"friends_count":509,"listed_count":0,"favourites_count":109573,"statuses_count":13461,"created_at":"Mon Aug 18 21:02:22 +0000 2014","utc_offset":null,"time_zone":null,"geo_enabled":true,"lang":null,"contributors_enabled":false,"is_translator":false,"profile_background_color":"C0DEED","profile_background_image_url":"http:\/\/abs.twimg.com\/images\/themes\/theme1\/bg.png","profile_background_image_url_https":"https:\/\/abs.twimg.com\/images\/themes\/theme1\/bg.png","profile_background_tile":false,"profile_link_color":"1DA1F2","profile_sidebar_border_color":"C0DEED","profile_sidebar_fill_color":"DDEEF6","profile_text_color":"333333","profile_use_background_image":true,"profile_image_url":"http:\/\/pbs.twimg.com\/profile_images\/1230524987062153217\/GseMwoC5_normal.jpg","profile_image_url_https":"https:\/\/pbs.twimg.com\/profile_images\/1230524987062153217\/GseMwoC5_normal.jpg","profile_banner_url":"https:\/\/pbs.twimg.com\/profile_banners\/2743071590\/1582214994","default_profile":true,"default_profile_image":false,"following":null,"follow_request_sent":null,"notifications":null},"geo":null,"coordinates":null,"place":null,"contributors":null,"retweeted_status":{"created_at":"Fri Apr 17 01:03:56 +0000 2020","id":1250953104247287808,"id_str":"1250953104247287808","text":"MS.ARIANA GRANDE SANG ALL HER PARTS FOR \u201cI WON\u2019T SAY I\u2019M IN LOVE\u201d FOR THE DISNEY SING-A-LONG TONIGHT AND HONESTLY,\u2026 https:\/\/t.co\/oSlaa26oHL","source":"\u003ca href=\"http:\/\/twitter.com\/download\/iphone\" rel=\"nofollow\"\u003eTwitter for iPhone\u003c\/a\u003e","truncated":true,"in_reply_to_status_id":null,"in_reply_to_status_id_str":null,"in_reply_to_user_id":null,"in_reply_to_user_id_str":null,"in_reply_to_screen_name":null,"user":{"id":35949400,"id_str":"35949400","name":"Francis Dominic\u2728","screen_name":"francisdominiic","location":"NYC to LA ","url":"http:\/\/instagram.com\/francisdominiic","description":"He\/Him\/His\u2728 I\u2019m probably writing about my feelings. \ud83c\udf19\ud83e\udd7a\ud83c\udf08 You can find me in LUNA LIGHT island on Animal Crossing or your local Disneyland. \ud83e\udd0d","translator_type":"none","protected":false,"verified":false,"followers_count":19129,"friends_count":946,"listed_count":121,"favourites_count":147584,"statuses_count":172634,"created_at":"Tue Apr 28 01:57:56 +0000 2009","utc_offset":null,"time_zone":null,"geo_enabled":true,"lang":null,"contributors_enabled":false,"is_translator":false,"profile_background_color":"050108","profile_background_image_url":"http:\/\/abs.twimg.com\/images\/themes\/theme10\/bg.gif","profile_background_image_url_https":"https:\/\/abs.twimg.com\/images\/themes\/theme10\/bg.gif","profile_background_tile":true,"profile_link_color":"9266CC","profile_sidebar_border_color":"000000","profile_sidebar_fill_color":"000000","profile_text_color":"3D1957","profile_use_background_image":true,"profile_image_url":"http:\/\/pbs.twimg.com\/profile_images\/1245507778560405504\/6OzijLma_normal.jpg","profile_image_url_https":"https:\/\/pbs.twimg.com\/profile_images\/1245507778560405504\/6OzijLma_normal.jpg","profile_banner_url":"https:\/\/pbs.twimg.com\/profile_banners\/35949400\/1581574696","default_profile":false,"default_profile_image":false,"following":null,"follow_request_sent":null,"notifications":null},"geo":null,"coordinates":null,"place":null,"contributors":null,"is_quote_status":false,"extended_tweet":{"full_text":"MS.ARIANA GRANDE SANG ALL HER PARTS FOR \u201cI WON\u2019T SAY I\u2019M IN LOVE\u201d FOR THE DISNEY SING-A-LONG TONIGHT AND HONESTLY, WHAT A QUEEEEEENNNNNN! GOD IS A WOMAN! SHE DON\u2019T NEED NO HERCULES!!!!!! https:\/\/t.co\/2jycwRqRzw","display_text_range":[0,210],"entities":{"hashtags":[],"urls":[],"user_mentions":[],"symbols":[],"media":[{"id":1250947012591185920,"id_str":"1250947012591185920","indices":[187,210],"additional_media_info":{"title":"","description":"","embeddable":true,"monetizable":false},"media_url":"http:\/\/pbs.twimg.com\/amplify_video_thumb\/1250947012591185920\/img\/39laTvlSOHeFELuc.jpg","media_url_https":"https:\/\/pbs.twimg.com\/amplify_video_thumb\/1250947012591185920\/img\/39laTvlSOHeFELuc.jpg","url":"https:\/\/t.co\/2jycwRqRzw","display_url":"pic.twitter.com\/2jycwRqRzw","expanded_url":"https:\/\/twitter.com\/ABCNetwork\/status\/1250947968011657216\/video\/1","type":"video","video_info":{"aspect_ratio":[16,9],"duration_millis":137571,"variants":[{"bitrate":288000,"content_type":"video\/mp4","url":"https:\/\/video.twimg.com\/amplify_video\/1250947012591185920\/vid\/480x270\/n8jZk6HfSUqPz0b3.mp4?tag=13"},{"content_type":"application\/x-mpegURL","url":"https:\/\/video.twimg.com\/amplify_video\/1250947012591185920\/pl\/lXDTb7jctvhCnbiE.m3u8?tag=13"},{"bitrate":832000,"content_type":"video\/mp4","url":"https:\/\/video.twimg.com\/amplify_video\/1250947012591185920\/vid\/640x360\/EV8KBQ8liZ9WFtle.mp4?tag=13"},{"bitrate":2176000,"content_type":"video\/mp4","url":"https:\/\/video.twimg.com\/amplify_video\/1250947012591185920\/vid\/1280x720\/6RuhZVoXp-jpeVsp.mp4?tag=13"}]},"sizes":{"thumb":{"w":150,"h":150,"resize":"crop"},"medium":{"w":1200,"h":675,"resize":"fit"},"small":{"w":680,"h":383,"resize":"fit"},"large":{"w":1280,"h":720,"resize":"fit"}},"source_status_id":1250947968011657216,"source_status_id_str":"1250947968011657216","source_user_id":631478663,"source_user_id_str":"631478663"}]},"extended_entities":{"media":[{"id":1250947012591185920,"id_str":"1250947012591185920","indices":[187,210],"additional_media_info":{"title":"","description":"","embeddable":true,"monetizable":false},"media_url":"http:\/\/pbs.twimg.com\/amplify_video_thumb\/1250947012591185920\/img\/39laTvlSOHeFELuc.jpg","media_url_https":"https:\/\/pbs.twimg.com\/amplify_video_thumb\/1250947012591185920\/img\/39laTvlSOHeFELuc.jpg","url":"https:\/\/t.co\/2jycwRqRzw","display_url":"pic.twitter.com\/2jycwRqRzw","expanded_url":"https:\/\/twitter.com\/ABCNetwork\/status\/1250947968011657216\/video\/1","type":"video","video_info":{"aspect_ratio":[16,9],"duration_millis":137571,"variants":[{"bitrate":288000,"content_type":"video\/mp4","url":"https:\/\/video.twimg.com\/amplify_video\/1250947012591185920\/vid\/480x270\/n8jZk6HfSUqPz0b3.mp4?tag=13"},{"content_type":"application\/x-mpegURL","url":"https:\/\/video.twimg.com\/amplify_video\/1250947012591185920\/pl\/lXDTb7jctvhCnbiE.m3u8?tag=13"},{"bitrate":832000,"content_type":"video\/mp4","url":"https:\/\/video.twimg.com\/amplify_video\/1250947012591185920\/vid\/640x360\/EV8KBQ8liZ9WFtle.mp4?tag=13"},{"bitrate":2176000,"content_type":"video\/mp4","url":"https:\/\/video.twimg.com\/amplify_video\/1250947012591185920\/vid\/1280x720\/6RuhZVoXp-jpeVsp.mp4?tag=13"}]},"sizes":{"thumb":{"w":150,"h":150,"resize":"crop"},"medium":{"w":1200,"h":675,"resize":"fit"},"small":{"w":680,"h":383,"resize":"fit"},"large":{"w":1280,"h":720,"resize":"fit"}},"source_status_id":1250947968011657216,"source_status_id_str":"1250947968011657216","source_user_id":631478663,"source_user_id_str":"631478663"}]}},"quote_count":75,"reply_count":15,"retweet_count":463,"favorite_count":1584,"entities":{"hashtags":[],"urls":[{"url":"https:\/\/t.co\/oSlaa26oHL","expanded_url":"https:\/\/twitter.com\/i\/web\/status\/1250953104247287808","display_url":"twitter.com\/i\/web\/status\/1\u2026","indices":[116,139]}],"user_mentions":[],"symbols":[]},"favorited":false,"retweeted":false,"possibly_sensitive":true,"filter_level":"low","lang":"en"},"is_quote_status":false,"quote_count":0,"reply_count":0,"retweet_count":0,"favorite_count":0,"entities":{"hashtags":[],"urls":[],"user_mentions":[{"screen_name":"francisdominiic","name":"Francis Dominic\u2728","id":35949400,"id_str":"35949400","indices":[3,19]}],"symbols":[]},"favorited":false,"retweeted":false,"filter_level":"low","lang":"en","timestamp_ms":"1587090049535"}