{"created_at":"Fri Apr 17 02:20:50 +0000 2020","id":1250972455889502208,"id_str":"1250972455889502208","text":"RT @ICONlCBRAT: love getting my nipples sucked &gt;&gt;&gt;&gt;","source":"\u003ca href=\"http:\/\/twitter.com\/download\/iphone\" rel=\"nofollow\"\u003eTwitter for iPhone\u003c\/a\u003e","truncated":false,"in_reply_to_status_id":null,"in_reply_to_status_id_str":null,"in_reply_to_user_id":null,"in_reply_to_user_id_str":null,"in_reply_to_screen_name":null,"user":{"id":2973997103,"id_str":"2973997103","name":"Princess","screen_name":"princessss__xo","location":null,"url":null,"description":"\ud83d\udc96\ud83d\udc9c\ud83d\udc96\ud83d\udc97\ud83d\udc9c\ud83d\udc96\ud83d\udc97\ud83d\udc9c\ud83d\udc96","translator_type":"none","protected":false,"verified":false,"followers_count":95,"friends_count":201,"listed_count":0,"favourites_count":7630,"statuses_count":4163,"created_at":"Mon Jan 12 02:06:31 +0000 2015","utc_offset":null,"time_zone":null,"geo_enabled":true,"lang":null,"contributors_enabled":false,"is_translator":false,"profile_background_color":"000000","profile_background_image_url":"http:\/\/abs.twimg.com\/images\/themes\/theme1\/bg.png","profile_background_image_url_https":"https:\/\/abs.twimg.com\/images\/themes\/theme1\/bg.png","profile_background_tile":false,"profile_link_color":"F5ABB5","profile_sidebar_border_color":"000000","profile_sidebar_fill_color":"000000","profile_text_color":"000000","profile_use_background_image":false,"profile_image_url":"http:\/\/pbs.twimg.com\/profile_images\/1247983292160212992\/Ce4-wG8i_normal.jpg","profile_image_url_https":"https:\/\/pbs.twimg.com\/profile_images\/1247983292160212992\/Ce4-wG8i_normal.jpg","profile_banner_url":"https:\/\/pbs.twimg.com\/profile_banners\/2973997103\/1586533724","default_profile":false,"default_profile_image":false,"following":null,"follow_request_sent":null,"notifications":null},"geo":null,"coordinates":null,"place":null,"contributors":null,"retweeted_status":{"created_at":"Fri Apr 17 01:13:34 +0000 2020","id":1250955527494012928,"id_str":"1250955527494012928","text":"love getting my nipples sucked &gt;&gt;&gt;&gt;","source":"\u003ca href=\"http:\/\/twitter.com\/download\/iphone\" rel=\"nofollow\"\u003eTwitter for iPhone\u003c\/a\u003e","truncated":false,"in_reply_to_status_id":null,"in_reply_to_status_id_str":null,"in_reply_to_user_id":null,"in_reply_to_user_id_str":null,"in_reply_to_screen_name":null,"user":{"id":734802789470208000,"id_str":"734802789470208000","name":"the one&only","screen_name":"ICONlCBRAT","location":"post page, i do not own pics.","url":null,"description":"this pussy doesn\u2019t pop for you","translator_type":"none","protected":false,"verified":false,"followers_count":117260,"friends_count":55982,"listed_count":1047,"favourites_count":699,"statuses_count":353,"created_at":"Mon May 23 17:46:51 +0000 2016","utc_offset":null,"time_zone":null,"geo_enabled":true,"lang":null,"contributors_enabled":false,"is_translator":false,"profile_background_color":"000000","profile_background_image_url":"http:\/\/abs.twimg.com\/images\/themes\/theme1\/bg.png","profile_background_image_url_https":"https:\/\/abs.twimg.com\/images\/themes\/theme1\/bg.png","profile_background_tile":false,"profile_link_color":"FAB81E","profile_sidebar_border_color":"000000","profile_sidebar_fill_color":"000000","profile_text_color":"000000","profile_use_background_image":false,"profile_image_url":"http:\/\/pbs.twimg.com\/profile_images\/1239272411088015369\/yVg16mGy_normal.jpg","profile_image_url_https":"https:\/\/pbs.twimg.com\/profile_images\/1239272411088015369\/yVg16mGy_normal.jpg","profile_banner_url":"https:\/\/pbs.twimg.com\/profile_banners\/734802789470208000\/1513645771","default_profile":false,"default_profile_image":false,"following":null,"follow_request_sent":null,"notifications":null},"geo":null,"coordinates":null,"place":null,"contributors":null,"is_quote_status":false,"quote_count":35,"reply_count":8,"retweet_count":290,"favorite_count":1288,"entities":{"hashtags":[],"urls":[],"user_mentions":[],"symbols":[]},"favorited":false,"retweeted":false,"filter_level":"low","lang":"en"},"is_quote_status":false,"quote_count":0,"reply_count":0,"retweet_count":0,"favorite_count":0,"entities":{"hashtags":[],"urls":[],"user_mentions":[{"screen_name":"ICONlCBRAT","name":"the one&only","id":734802789470208000,"id_str":"734802789470208000","indices":[3,14]}],"symbols":[]},"favorited":false,"retweeted":false,"filter_level":"low","lang":"en","timestamp_ms":"1587090050085"}