{"created_at":"Fri Apr 17 02:20:50 +0000 2020","id":1250972455784546305,"id_str":"1250972455784546305","text":"@madisonbeer love u","display_text_range":[13,19],"source":"\u003ca href=\"http:\/\/twitter.com\/download\/iphone\" rel=\"nofollow\"\u003eTwitter for iPhone\u003c\/a\u003e","truncated":false,"in_reply_to_status_id":1250972180998995968,"in_reply_to_status_id_str":"1250972180998995968","in_reply_to_user_id":233183631,"in_reply_to_user_id_str":"233183631","in_reply_to_screen_name":"madisonbeer","user":{"id":1196519964058013707,"id_str":"1196519964058013707","name":"angela\u2661","screen_name":"vintagemeb","location":"\ud83e\udd0d","url":"http:\/\/instagram.com\/vintagemeb","description":"\ud835\ude10\ud835\ude14\ud835\ude08\ud835\ude0b\ud835\ude0e\ud835\ude10\ud835\ude15\ud835\ude0c\ud835\ude19. \uff65 \u02d6 \u00b7 \u2741 \u00b7 \u02d6 \uff65\uff65 \u02d6 \u00b7 \u2741 \u00b7 \u02d6 \uff65","translator_type":"none","protected":false,"verified":false,"followers_count":666,"friends_count":507,"listed_count":8,"favourites_count":6574,"statuses_count":1674,"created_at":"Mon Nov 18 20:06:15 +0000 2019","utc_offset":null,"time_zone":null,"geo_enabled":false,"lang":null,"contributors_enabled":false,"is_translator":false,"profile_background_color":"F5F8FA","profile_background_image_url":"","profile_background_image_url_https":"","profile_background_tile":false,"profile_link_color":"1DA1F2","profile_sidebar_border_color":"C0DEED","profile_sidebar_fill_color":"DDEEF6","profile_text_color":"333333","profile_use_background_image":true,"profile_image_url":"http:\/\/pbs.twimg.com\/profile_images\/1250191995223638018\/Od2DGn2L_normal.jpg","profile_image_url_https":"https:\/\/pbs.twimg.com\/profile_images\/1250191995223638018\/Od2DGn2L_normal.jpg","profile_banner_url":"https:\/\/pbs.twimg.com\/profile_banners\/1196519964058013707\/1585546906","default_profile":true,"default_profile_image":false,"following":null,"follow_request_sent":null,"notifications":null},"geo":null,"coordinates":null,"place":null,"contributors":null,"is_quote_status":false,"quote_count":0,"reply_count":0,"retweet_count":0,"favorite_count":0,"entities":{"hashtags":[],"urls":[],"user_mentions":[{"screen_name":"madisonbeer","name":"Madison Beer","id":233183631,"id_str":"233183631","indices":[0,12]}],"symbols":[]},"favorited":false,"retweeted":false,"filter_level":"low","lang":"en","timestamp_ms":"1587090050060"}