{"created_at":"Fri Apr 17 02:20:49 +0000 2020","id":1250972455008493568,"id_str":"1250972455008493568","text":"RT @MingErs_Intl: No amount can replace the love we have for you, but we are happily willing to support you always #22ndSaintStillBeYourBoy\u2026","source":"\u003ca href=\"http:\/\/twitter.com\/download\/android\" rel=\"nofollow\"\u003eTwitter for Android\u003c\/a\u003e","truncated":false,"in_reply_to_status_id":null,"in_reply_to_status_id_str":null,"in_reply_to_user_id":null,"in_reply_to_user_id_str":null,"in_reply_to_screen_name":null,"user":{"id":1046730911943782400,"id_str":"1046730911943782400","name":"Khi\u1ebft L\u00e2m_Only Saint!","screen_name":"KhitLm1","location":null,"url":null,"description":null,"translator_type":"none","protected":false,"verified":false,"followers_count":280,"friends_count":137,"listed_count":1,"favourites_count":88820,"statuses_count":44642,"created_at":"Mon Oct 01 11:57:51 +0000 2018","utc_offset":null,"time_zone":null,"geo_enabled":false,"lang":null,"contributors_enabled":false,"is_translator":false,"profile_background_color":"F5F8FA","profile_background_image_url":"","profile_background_image_url_https":"","profile_background_tile":false,"profile_link_color":"1DA1F2","profile_sidebar_border_color":"C0DEED","profile_sidebar_fill_color":"DDEEF6","profile_text_color":"333333","profile_use_background_image":true,"profile_image_url":"http:\/\/pbs.twimg.com\/profile_images\/1248288847256932352\/r5mX2z7w_normal.jpg","profile_image_url_https":"https:\/\/pbs.twimg.com\/profile_images\/1248288847256932352\/r5mX2z7w_normal.jpg","profile_banner_url":"https:\/\/pbs.twimg.com\/profile_banners\/1046730911943782400\/1586994807","default_profile":true,"default_profile_image":false,"following":null,"follow_request_sent":null,"notifications":null},"geo":null,"coordinates":null,"place":null,"contributors":null,"retweeted_status":{"created_at":"Fri Apr 17 00:38:36 +0000 2020","id":1250946729010225152,"id_str":"1250946729010225152","text":"No amount can replace the love we have for you, but we are happily willing to support you always\u2026 https:\/\/t.co\/1vP2Boub7H","display_text_range":[0,140],"source":"\u003ca href=\"http:\/\/twitter.com\/download\/iphone\" rel=\"nofollow\"\u003eTwitter for iPhone\u003c\/a\u003e","truncated":true,"in_reply_to_status_id":null,"in_reply_to_status_id_str":null,"in_reply_to_user_id":null,"in_reply_to_user_id_str":null,"in_reply_to_screen_name":null,"user":{"id":1094485746990297089,"id_str":"1094485746990297089","name":"MingEr International","screen_name":"MingErs_Intl","location":null,"url":null,"description":"Support ALL @Saint_sup                                                             Uniting all #MingEr #Saint_sup","translator_type":"none","protected":false,"verified":false,"followers_count":4344,"friends_count":36,"listed_count":21,"favourites_count":5650,"statuses_count":7695,"created_at":"Sun Feb 10 06:38:31 +0000 2019","utc_offset":null,"time_zone":null,"geo_enabled":true,"lang":null,"contributors_enabled":false,"is_translator":false,"profile_background_color":"000000","profile_background_image_url":"http:\/\/abs.twimg.com\/images\/themes\/theme1\/bg.png","profile_background_image_url_https":"https:\/\/abs.twimg.com\/images\/themes\/theme1\/bg.png","profile_background_tile":false,"profile_link_color":"E81C4F","profile_sidebar_border_color":"000000","profile_sidebar_fill_color":"000000","profile_text_color":"000000","profile_use_background_image":false,"profile_image_url":"http:\/\/pbs.twimg.com\/profile_images\/1245756276480430080\/HpteKpXp_normal.jpg","profile_image_url_https":"https:\/\/pbs.twimg.com\/profile_images\/1245756276480430080\/HpteKpXp_normal.jpg","profile_banner_url":"https:\/\/pbs.twimg.com\/profile_banners\/1094485746990297089\/1585844321","default_profile":false,"default_profile_image":false,"following":null,"follow_request_sent":null,"notifications":null},"geo":null,"coordinates":null,"place":null,"contributors":null,"is_quote_status":false,"extended_tweet":{"full_text":"No amount can replace the love we have for you, but we are happily willing to support you always #22ndSaintStillBeYourBoy #Saint_sup https:\/\/t.co\/uWbCAJyigV","display_text_range":[0,132],"entities":{"hashtags":[{"text":"22ndSaintStillBeYourBoy","indices":[97,121]},{"text":"Saint_sup","indices":[122,132]}],"urls":[],"user_mentions":[],"symbols":[],"media":[{"id":1250946726745313281,"id_str":"1250946726745313281","indices":[133,156],"media_url":"http:\/\/pbs.twimg.com\/media\/EVxBa5CXkAEUrig.jpg","media_url_https":"https:\/\/pbs.twimg.com\/media\/EVxBa5CXkAEUrig.jpg","url":"https:\/\/t.co\/uWbCAJyigV","display_url":"pic.twitter.com\/uWbCAJyigV","expanded_url":"https:\/\/twitter.com\/MingErs_Intl\/status\/1250946729010225152\/photo\/1","type":"photo","sizes":{"thumb":{"w":150,"h":150,"resize":"crop"},"medium":{"w":576,"h":1024,"resize":"fit"},"small":{"w":383,"h":680,"resize":"fit"},"large":{"w":576,"h":1024,"resize":"fit"}}}]},"extended_entities":{"media":[{"id":1250946726745313281,"id_str":"1250946726745313281","indices":[133,156],"media_url":"http:\/\/pbs.twimg.com\/media\/EVxBa5CXkAEUrig.jpg","media_url_https":"https:\/\/pbs.twimg.com\/media\/EVxBa5CXkAEUrig.jpg","url":"https:\/\/t.co\/uWbCAJyigV","display_url":"pic.twitter.com\/uWbCAJyigV","expanded_url":"https:\/\/twitter.com\/MingErs_Intl\/status\/1250946729010225152\/photo\/1","type":"photo","sizes":{"thumb":{"w":150,"h":150,"resize":"crop"},"medium":{"w":576,"h":1024,"resize":"fit"},"small":{"w":383,"h":680,"resize":"fit"},"large":{"w":576,"h":1024,"resize":"fit"}}}]}},"quote_count":0,"reply_count":0,"retweet_count":118,"favorite_count":40,"entities":{"hashtags":[],"urls":[{"url":"https:\/\/t.co\/1vP2Boub7H","expanded_url":"https:\/\/twitter.com\/i\/web\/status\/1250946729010225152","display_url":"twitter.com\/i\/web\/status\/1\u2026","indices":[98,121]}],"user_mentions":[],"symbols":[]},"favorited":false,"retweeted":false,"possibly_sensitive":false,"filter_level":"low","lang":"en"},"is_quote_status":false,"quote_count":0,"reply_count":0,"retweet_count":0,"favorite_count":0,"entities":{"hashtags":[{"text":"22ndSaintStillBeYourBoy","indices":[115,139]}],"urls":[],"user_mentions":[{"screen_name":"MingErs_Intl","name":"MingEr International","id":1094485746990297089,"id_str":"1094485746990297089","indices":[3,16]}],"symbols":[]},"favorited":false,"retweeted":false,"filter_level":"low","lang":"en","timestamp_ms":"1587090049875"}